file,id,field,old,new,source_urls,source_quality,notes
utilities.csv,add-wa-chelanpud-2018,source_quality,secondary,primary,https://www.chelanpud.org/docs/default-source/default-document-library/final-cryptocurrency-staff-report.pdf,primary,"Chelan PUD Cryptocurrency Staff Report: moratorium adopted 2018-03-19 and confirmed by Resolution No. 18-14234 on 2018-04-02; covered new and pending applications not fully paid. Hearings 2018-05-14/15, 08-06, 08-20, 09-17, and a Rate & Moratorium Hearing 2018-11-19 with a moratorium recommendation. End date still not confirmed (rate adoption expected 2018-12-03)."
utilities.csv,add-wa-chelanpud-2018,source_urls,(existing),append https://www.chelanpud.org/docs/default-source/default-document-library/final-cryptocurrency-staff-report.pdf|https://capitalpress.com/2018/05/15/pud-extends-cryptocurrency-power-moratorium/,https://capitalpress.com/2018/05/15/pud-extends-cryptocurrency-power-moratorium/,primary,Capital Press 2018-05-15: extended to 2018-08-06 after the 2018-05-14 hearing.
utilities.csv,add-ny-plattsburgh-2018,source_urls,(existing),append https://www.wamc.org/north-country-news/2019-03-05/plattsburgh-ends-cryptocurrency-moratorium,https://www.wamc.org/north-country-news/2019-03-05/plattsburgh-ends-cryptocurrency-moratorium,secondary,"WAMC 2019-03-05 confirms the council ended the moratorium about a year in, after adopting a local law regulating crypto operations (rescission resolution first offered Dec 2018, tabled). Supports existing date_expires 2019-03 (AP dated 2019-03-01, so likely 2019-02-28 council vote)."
bans_nj.csv,add-nj-millburn-2026,status,pending,withdrawn,https://twp.millburn.nj.us/AgendaCenter/ViewFile/Item/900?fileID=35702|https://twp.millburn.nj.us/AgendaCenter/ViewFile/Item/903?fileID=35721,primary,Oct 6 2026 agenda and packet carry Res. 26-231 formally withdrawing Ord. 2770-26 (no hearing or adoption vote) after the Planning Board found it inconsistent with the master plan; the resolution says the committee remains committed to banning data centers. Vote result not yet in posted minutes. Recommend drop as ban or keep as withdrawn proposal.
bans_nj.csv,add-nj-middletown-2026,notes,public hearing and final vote set for Sep 21 2026,"Ord. 2026-3536 was not on the 2026-09-21 regular agenda or in its minutes (other ordinances 3535, 3537-3542 adopted), nor on the 2026-10-05 workshop agenda; still pending, next regular meeting 2026-10-19.","https://middletownnj.api.civicclerk.com/v1/Meetings/GetMeetingFileStream(fileId=1047,plainText=false)|https://middletownnj.api.civicclerk.com/v1/Meetings/GetMeetingFileStream(fileId=1070,plainText=false)|https://middletownnj.api.civicclerk.com/v1/Meetings/GetMeetingFileStream(fileId=1067,plainText=false)",primary,Status stays pending.
bans_nj.csv,add-nj-washington-borough-2026,source_quality,snippet_only,primary,https://ecode360.com/51711746|https://citizenportal.ai/articles/8962726/new-jersey/warren-county/borough-of-washington/council-bans-data-centers-boroughwide-citing-water-and-energy-concerns,primary,"eCode360 Ch. 94 definitions section history: amended 4-7-2026 by Ord. No. 2026-04, adding the DATA CENTER definition (94-5{32}); confirms adoption date 2026-04-07."
bans_nj.csv,add-nj-pilesgrove-2026,date_adopted,2026,2026-05-12,https://ecode360.com/PI0253/laws/LF2762310.pdf,primary,eCode360 New Laws: Ord. No. 26-05 (Land Use Amendment) adopted 2026-05-12; defines data centers and confirms they are prohibited uses/structures in all districts. Also upgrade source_quality snippet_only->primary and number 2026-05->26-05.
bans_nj.csv,add-nj-pilesgrove-2026,source_quality,snippet_only,primary,https://ecode360.com/PI0253/laws/LF2762310.pdf,primary,See date_adopted update.
bans_nj.csv,add-nj-pennsville-2026,source_quality,snippet_only,primary,https://www.pennsville.org/171/Township-Ordinances|https://www.pennsville.org/DocumentCenter/View/802/A-13-2026-Prohibit-Data-Centers,primary,"Township ordinances page lists A-13-2026 Prohibit Data Centers under 2026 Adopted Township Ordinances; PDF (OCR) shows intro 2026-05-21, anticipated adoption 2026-07-02, with Notice of Adoption attached. Date kept at 2026-07-02."
bans_nj.csv,add-nj-carneys-point-2026,source_quality,snippet_only,secondary,https://citizenportal.ai/articles/9470626/New-Jersey/Salem-County/Carneys-Point/Carneys-Point-committee-unanimously-bans-data-centers-across-township-zoning,secondary,Citizenportal article read in full via proxy: Ord. 2026-1093 adopted 2026-07-15. Confirms row.
bans_nj.csv,add-nj-woodstown-2026,source_quality,snippet_only,secondary,https://citizenportal.ai/articles/8768613/New-Jersey/Salem-County/Woodstown/Woodstown-council-adopts-ordinance-banning-data-centers-in-all-zoning-districts,secondary,Article read in full: Ord. 2026-8 adopted unanimously 2026-07-14. Confirms row.
bans_nj.csv,add-nj-green-township-2026,source_quality,snippet_only,secondary,https://citizenportal.ai/articles/8457669/new-jersey/sussex-county/green/green-township-committee-adopts-ordinance-banning-data-centers-in-all-zones,secondary,"Article read in full: Ord. 2026-04 adopted 2026-05-18 on roll call (3 ayes, 2 absent); adds data center definition and lists as prohibited in all zones."
bans_nj.csv,add-nj-leonia-2026,source_quality,snippet_only,secondary,https://www.leonianj.gov/borough-government/borough-code-municipal-law/ordinances|https://www.leonianj.gov/home/showpublisheddocument/8586/639202338198670000,secondary,"Official ordinances page (read via proxy) lists ORD. 2026-18 Ordinance - No Data Centers among 2026 ordinances; PDF (4 pp, scanned, direct fetch 403) posted 2026-07-21. Suggest date_adopted 2026-07 (approx; posting date). Scope still unread."
bans_nj.csv,add-nj-leonia-2026,date_adopted,2026,2026-07,https://www.leonianj.gov/borough-government/borough-code-municipal-law/ordinances,secondary,Approximate: adopted ordinance PDF posted 2026-07-21; ordinances 2026-15..19 share the same posting batch.
bans_nj.csv,add-nj-hamilton-atlantic-2026,type,temporary moratorium,permanent ban,https://ecode360.com/documents/HA0315/public/753263623.pdf|https://ecode360.com/documents/HA0315/public/753260780.pdf|https://ecode360.com/51251589|https://www.nj.gov/pinelands/landuse/amend/ords.shtml,primary,"Introduced 2026-06-01 as a moratorium through 2026-12-31; amended 2026-06-15 into an ordinance adding a data center definition (203-18) and listing data centers as a prohibited use in all districts (203-198 LL) with no sunset clause (recitals call it a due-diligence period). Adopted 2026-07-06 per Pinelands log; definition is codified. Also set date_expires blank, summary accordingly, source_quality primary."
bans_nj.csv,add-nj-washington-twp-2026,county,Burlington,Burlington,https://ecode360.com/WA0294/laws/LF2692466.pdf|https://www.nj.gov/pinelands/landuse/amend/ords.shtml,primary,"County confirmed by elimination: Washington Twp (Gloucester) zoning is Ch 285 and its ban is Ord 15-2026 (2026-05-06, new row add-nj-washington-twp-gloucester-2026), so Pinelands Ord 2026-08 amending Ch 275 is Washington Twp, Burlington. Whether 2026-08 prohibits or regulates (title also covers fulfillment centers and warehouses) is still unread."
bans_nj.csv,add-nj-south-plainfield-2026,status,pending,active,https://www.tapinto.net/towns/south-plainfield/sections/government/articles/ordinance-aims-to-classify-data-center-land-uses-and-development-as-non-permitted-within-south-plainfield|https://www.southplainfieldnj.com/spnj/Council%20Agendas/2026%20Council%20Agenda/07-27-26%20Agenda.pdf,secondary,"Ord. 26-2406 (define data centers, performance standards, prohibited use in all zones) introduced 2026-07-13; listed for second reading/public hearing on the 2026-07-27 agenda and absent from the 08-17, 09-08, 09-21 and 10-05 agendas, so adoption on 2026-07-27 is inferred, not confirmed (minutes not posted). Suggest date_adopted 2026-07-27, source_quality snippet_only->secondary."
bans_nj.csv,add-nj-pemberton-2026,date_adopted,2026-04-15,2026-02-18,https://cms8.revize.com/revize/pembertontwpnj/ORD%2010-2026%20%20FINAL%20Amending%20and%20Supplementing%20Chapter%20190%20of%20Township%20Code.pdf?t=202603021539330|https://pinelandsalliance.org/data-center-victories-local-actions-drive-regional-change/|https://www.nj.gov/pinelands/landuse/amend/ords.shtml,primary,"Ord. 10-2026 (OCR of final PDF): introduced 2026-02-04, finally adopted 2026-02-18 (notice dated 2026-02-20); expressly prohibits data centers in the GCLI, GCLI-1, GCLI-3 and OP/LI districts (190-24..190-26). Ord. 13-2026 (adopted 2026-04-15, Pinelands log) is a follow-on Ch 190 GCLI amendment. Use 2026-02-18 as first adoption; cite both ordinances."
bans_nj.csv,add-nj-clementon-2026,date_adopted,,2026-07-21,https://ecode360.com/CL0179/laws/LF2759523.pdf,primary,eCode360 New Laws: Ord. 2026-12 (designate data centers a non-permitted use in all zones) adopted 2026-07-21. Upgrade source_quality secondary->primary; status active confirmed.
bans_nj.csv,add-nj-logan-2026,date_adopted,2026-04,2026-04-21,https://ecode360.com/LO0702/laws/LF2664839.pdf,primary,eCode360 New Laws: Ord. 6-2026 amending the UDO adds a data center definition and lists data centers under prohibited uses in all districts; adopted 2026-04-21. Upgrade source_quality secondary->primary.
bans_nj.csv,add-nj-winslow-2026,notes,applies to the Pinelands Area only,Township-wide: Non-Pinelands zoning chapter 294 also lists data centers in 294-8.3 Prohibited Uses in All Non-Pinelands Zoning Districts (with 294-10 definition); Pinelands chapter 296 carries the O-2026-017 prohibition. On 2026-09-08 Ords O-2026-029 (Ch 296) and O-2026-030 (Ch 294) redefined data center and added data nodes to the prohibited uses in both areas.,https://ecode360.com/50864889|https://ecode360.com/50864756|https://ecode360.com/WI0339/laws/LF2806240.pdf|https://ecode360.com/WI0339/laws/LF2806241.pdf,primary,Exact adoption date of the non-Pinelands data center prohibition not isolated (likely 2026-05-26 alongside O-2026-017/018); summary should drop the Pinelands-only limitation.
bans_nj.csv,add-nj-raritan-township-2026,date_adopted,2026-09-18,2026-09-15,https://ecode360.com/RA0805/laws/LF2814650.pdf,primary,"eCode360 New Laws: Ord. No. 26-32 adopted 2026-09-15 (pass-1 date was the township news post). It redefines data center (excludes accessory server rooms up to 2,000 sq ft) and adds data centers to prohibited uses in 296-131C."
bans_nj.csv,add-nj-leonia-2026,date_adopted,2026,2026-07-20,https://ecode360.com/LE0835/laws/LF2754677.pdf,primary,eCode360 New Laws: Ord. No. 2026-18 adopted 2026-07-20. Supersedes the earlier 2026-07 estimate in this file; source_quality can go to primary.
bans_nj.csv,add-nj-glassboro-2026,source_quality,secondary,primary,https://ecode360.com/GL0316/laws/LF2814452.pdf,primary,eCode360 New Laws confirms Ord. No. 26-24 adopted 2026-09-08.
bans_nj.csv,add-nj-roselle-park-2026,source_quality,secondary,primary,https://ecode360.com/RO0437/laws/LF2728537.pdf,primary,eCode360 New Laws confirms Ord. No. 2860 adopted 2026-06-18.
bans_nj.csv,add-nj-hardyston-2026,source_quality,secondary,primary,https://ecode360.com/HA1815/laws/LF2774674.pdf,primary,eCode360 New Laws confirms Ord. No. 2026-12 adopted 2026-06-24.
bans_nj.csv,add-nj-delanco-2026,source_quality,secondary,primary,https://ecode360.com/DE0379/laws/LF2771996.pdf,primary,eCode360 New Laws confirms Ord. No. 2026-10 adopted 2026-07-13.
bans_nj.csv,add-nj-burlington-twp-2026,date_adopted,,2026-06-09,https://ecode360.com/BU2696/laws/LF2731905.pdf,primary,"eCode360 New Laws (Township of Burlington, Burlington County): Ord. No. 2026-OR-012 adopted 2026-06-09, returned by a data centers search; PDF text not read (proxy rate-limited). Confirms the township (not Burlington City) and supplies the date."
sweep.csv,sweep-tn-memphis-2026,notes,Status stays pending; updates upstream final vote set for 2026-10-06,Status stays pending. Council postponed on 2026-10-06 (6-5 per Fox News) the third and final reading to 2026-10-20.,https://www.wsfa.com/2026/10/07/data-center-moratorium-vote-postponed-after-fight-protests/|https://www.foxnews.com/politics/memphis-city-council-devolves-chaos-data-center-moratorium-vote-postponed,secondary,Gray TV syndicated report (WSFA 2026-10-07).
sweep.csv,sweep-ny-plattsburgh-2026,notes,Outcome of the expected 2026-09-17 vote not found; needs Press-Republican or city minutes.,"Still pending: Common Council minutes of 2026-09-17 record no action on Local Law P-2, and the 2026-10-01 resolution list has no moratorium item.",https://www.cityofplattsburgh-ny.gov/AgendaCenter|https://drive.google.com/drive/folders/1zX5MYy0tNsly_pCthQIyCzcyPrAek7Li,primary,Minutes PDF is a scan (OCR). Status stays pending.
sweep.csv,sweep-in-evansville-2026,status,pending,active,https://www.insideindianabusiness.com/articles/evansville-council-approves-data-center-moratorium|https://www.yahoo.com/news/articles/evansville-city-council-passes-data-142501238.html,secondary,Council approved the 180-day deferral ordinance on Monday 2026-10-05 (IIB 2026-10-06). Expiry computed as adoption + 180 days. Vote count not reported.
sweep.csv,sweep-in-evansville-2026,date_adopted,,2026-10-05,https://www.insideindianabusiness.com/articles/evansville-council-approves-data-center-moratorium|https://www.yahoo.com/news/articles/evansville-city-council-passes-data-142501238.html,secondary,Council approved the 180-day deferral ordinance on Monday 2026-10-05 (IIB 2026-10-06). Expiry computed as adoption + 180 days. Vote count not reported.
sweep.csv,sweep-in-evansville-2026,date_expires,,2027-04-03,https://www.insideindianabusiness.com/articles/evansville-council-approves-data-center-moratorium|https://www.yahoo.com/news/articles/evansville-city-council-passes-data-142501238.html,secondary,Council approved the 180-day deferral ordinance on Monday 2026-10-05 (IIB 2026-10-06). Expiry computed as adoption + 180 days. Vote count not reported.
sweep.csv,sweep-ga-hogansville-2026-ext,date_adopted,,2026-09-08,https://citizenportal.ai/articles/10182508/Georgia/Troup-County/Hogansville/Hogansville-council-extends-data-center-moratorium-for-90-days,secondary,"Citizen Portal (AI summary of meeting record): council voted 4-0 on 2026-09-08 to extend 90 days. savrn lists Hogansville as expired 2026-09-01, which this contradicts."
sweep.csv,sweep-ga-hogansville-2026-ext,source_quality,snippet_only,secondary,https://citizenportal.ai/articles/10182508/Georgia/Troup-County/Hogansville/Hogansville-council-extends-data-center-moratorium-for-90-days,secondary,"Citizen Portal (AI summary of meeting record): council voted 4-0 on 2026-09-08 to extend 90 days. savrn lists Hogansville as expired 2026-09-01, which this contradicts."
bans_other.csv,add-ga-chattahoochee-hills-2026,source_quality,snippet_only,secondary,https://citizenportal.ai/articles/10107754/georgia/fulton-county/chattahoochee-hills/chattahoochee-hills-council-bans-data-centers-from-zoning-districts-with-unanimous-vote,secondary,"Citizen Portal article: Ord. 26-052 adopted unanimously 2026-09-01; data processing facilities removed from permitted-use table, not allowed in any district. Matches row."
bans_other.csv,add-il-lisle-2026,date_adopted,2026-06,2026-06-01,https://citizenportal.ai/articles/8113848/illinois/dupage-county/lisle/lisle-board-approves-zoning-amendment-contracts-for-tif-and-recruitment-several-consent-items-pass-unanimously,secondary,Citizen Portal: at its 2026-06-01 meeting the Village Board approved a zoning text amendment banning new data centers in I-1.
bans_other.csv,add-il-lisle-2026,source_quality,snippet_only,secondary,https://citizenportal.ai/articles/8113848/illinois/dupage-county/lisle/lisle-board-approves-zoning-amendment-contracts-for-tif-and-recruitment-several-consent-items-pass-unanimously,secondary,See date_adopted update.
bans_other.csv,add-ma-millis-2026,notes,Source returned 403; bylaw text not seen.,"Citizen Portal: AG approved the Spring Town Meeting data center bylaw, described as restricting data centers; AG cautioned against bylaws that effectively prohibit construction. Ban scope still unconfirmed; keep snippet_only until bylaw text is seen.",https://citizenportal.ai/articles/10021520/massachusetts/norfolk-county/town-of-millis/attorney-general-approves-millis-bylaws-on-data-centers-flags-caveat-for-solarlinked-battery-storage,secondary,Quality of row stays snippet_only for the ban characterization.
sweep.csv,sweep-ct-new-haven-2026,source_quality,snippet_only,secondary,https://www.newhavenindependent.org/2026/09/23/12-month-pause-approved-for-data-center-development/,secondary,"Article read in full: Board of Alders unanimously approved a 12-month moratorium on Tuesday 2026-09-22, with an exception for quantum computing/life sciences facilities in the Innovation Cluster. Confirms 2026-09-22 (upstream 2026-09-08 is likely the committee or first step)."
sweep.csv,sweep-il-chicago-2026,source_quality,snippet_only,secondary,https://blockclubchicago.org/2026/09/23/year-long-ban-on-new-data-centers-pitched-by-chicago-mayor-brandon-johnson/,secondary,Article read in full: Mayor Johnson and alderpersons introduced on 2026-09-23 an ordinance pausing new data center construction and material expansion for 12 months; referred to the Rules Committee. Status stays pending.
bans_other.csv,add-ct-groton-2023,date_adopted,2023-06,2023-06-27,https://www.datacenterdynamics.com/en/news/groton-ct-blocks-large-scale-data-center-projects-thwarting-ne-edge/,secondary,"DCD article (2023-06-29): Planning and Zoning Commission unanimously approved regulations limiting data centers to 12,500 sq ft on Tuesday (2023-06-27), after a one-year moratorium on >5,000 sq ft. Water-cooling bar not mentioned in DCD."
bans_other.csv,add-ct-groton-2023,source_quality,snippet_only,secondary,https://www.datacenterdynamics.com/en/news/groton-ct-blocks-large-scale-data-center-projects-thwarting-ne-edge/,secondary,See date_adopted update.
bans_other.csv,add-ca-losangelescounty-2026,notes,upstream_moratorium_id=ca-los-angeles-county-2026 covers interim ban; this row is the pending permanent ordinance.,upstream_moratorium_id=ca-los-angeles-county-2026 covers interim ban. On 2026-10-06 the Board referred the Solis motion to draft the prohibiting zoning amendment back to her office; no return date. Status stays pending.,https://mynewsla.com/life/2026/10/06/action-delayed-on-la-county-data-center-restrictions/,secondary,Summary text says Board directed drafting; that has not yet happened as of 2026-10-06. Consider revising summary.
bans_other.csv,add-id-kootenaicounty-2025,source_quality,snippet_only,secondary,https://www.spokanepublicradio.org/regional-news/2025-10-02/avoiding-ai-kootenai-county-works-towards-total-ban-against-data-centers|https://citizenportal.ai/articles/5974080/idaho/kootenai-county/kootenai-county-approves-conditional-rules-for-data-centers-directs-staff-to-draft-outright-ban,secondary,"Read in full: commissioners approved a conditional-use ordinance (ORA 25-0007) on 2025-09-25 adding a no-sites-over-the-aquifer condition, and directed staff to draft an outright ban. No adopted total ban found."
bans_other.csv,add-id-kootenaicounty-2025,DROP,,,https://www.spokanepublicradio.org/regional-news/2025-10-02/avoiding-ai-kootenai-county-works-towards-total-ban-against-data-centers,secondary,"Recommend DROP (or keep only if partial-area prohibitions are in scope): Ord. 620 is a conditional-use regulation with an aquifer siting bar; SPR describes CUPs as still possible. The outright ban was only directed, not adopted."
bans_other.csv,add-wy-park-county-2026,DROP,,,https://www.wyomingnews.com/laramieboomerang/laramieboomerang/news/park-county-proposes-prohibiting-data-centers-in-most-areas/article_44ea5e3e-d72c-4c6e-b601-625eeae55de4.html,secondary,"Article read in full (Powell Tribune, 2026-07-29): draft development standards would allow data centers by special use permit in GR-20, GR-35 and industrial zones and bar them elsewhere; commissioners explicitly rejected an outright ban. Regulation, not a ban; still a draft."
bans_other.csv,add-tx-mesquite-2026,status,pending,active,https://apps.cityofmesquite.com/city_secweb/ordinances/5259.pdf,primary,"Signed Ordinance No. 5259 (ZTA 2026-01), council meeting 2026-07-20: prohibits commercial cryptocurrency mining as a primary or accessory use in all districts and sets data center CUP standards. Sector is crypto mining only."
bans_other.csv,add-tx-mesquite-2026,date_adopted,,2026-07-20,https://apps.cityofmesquite.com/city_secweb/ordinances/5259.pdf,primary,"Signed Ordinance No. 5259 (ZTA 2026-01), council meeting 2026-07-20: prohibits commercial cryptocurrency mining as a primary or accessory use in all districts and sets data center CUP standards. Sector is crypto mining only."
bans_other.csv,add-tx-mesquite-2026,source_quality,snippet_only,primary,https://apps.cityofmesquite.com/city_secweb/ordinances/5259.pdf,primary,"Signed Ordinance No. 5259 (ZTA 2026-01), council meeting 2026-07-20: prohibits commercial cryptocurrency mining as a primary or accessory use in all districts and sets data center CUP standards. Sector is crypto mining only."
bans_other.csv,add-tx-mesquite-2026,source_urls,https://servercountry.org/policy/texas/,https://apps.cityofmesquite.com/city_secweb/ordinances/5259.pdf,https://apps.cityofmesquite.com/city_secweb/ordinances/5259.pdf,primary,"Signed Ordinance No. 5259 (ZTA 2026-01), council meeting 2026-07-20: prohibits commercial cryptocurrency mining as a primary or accessory use in all districts and sets data center CUP standards. Sector is crypto mining only."
bans_other.csv,add-oh-paristwp-union-2026,source_quality,snippet_only,primary,https://www.lucplanning.com/_files/ugd/540e57_498de8a70159455bb287c85b57fe1b6e.pdf|https://www.lucplanning.com/_files/ugd/540e57_d88e9f33cdfd425da2551c548d3ca3e9.pdf,primary,"Recorded zoning resolution (Union County Recorder 2026-05-07) reads: amended and restated to reflect amendments adopted April 7, 2026; defines Data Center, not listed in any district. LUC staff report (2026-03-12) says this effectively prohibits data centers. Confirms row."
bans_other.csv,add-oh-paristwp-union-2026,source_urls,https://ohiocapitaljournal.com/,https://www.lucplanning.com/_files/ugd/540e57_498de8a70159455bb287c85b57fe1b6e.pdf|https://www.lucplanning.com/_files/ugd/540e57_d88e9f33cdfd425da2551c548d3ca3e9.pdf,https://www.lucplanning.com/_files/ugd/540e57_498de8a70159455bb287c85b57fe1b6e.pdf,primary,Replace placeholder homepage URL.
