id,jurisdiction_name,jurisdiction_level,state,county,type,sectors,status,date_adopted,date_expires,duration,summary,source_urls,source_quality,in_upstream,notes
add-al-cullman-2026,Cullman,city,AL,Cullman,permanent ban,data_center,pending,,,permanent,Proposed Ordinance 2026-42 would prohibit data centers in city limits; referred to Planning Commission June 2026 alongside a 12-month moratorium (Res. 2026-116).,https://www.cullmantribune.com/2026/06/23/cullman-city-council-imposes-temporary-moratorium-on-data-centers/|https://servercountry.org/policy/alabama/,secondary,True,upstream has al-cullman-2026 moratorium. No later action found.
add-az-flagstaff-2026,Flagstaff,city,AZ,Coconino,permanent ban,data_center,pending,,,permanent,Planning and Zoning Commission recommended a citywide data center ban (Mar 2026); Council postponed indefinitely (May 2026) choosing between the ban and a conditional-use alternative.,https://azbex.com/local-news/flagstaff-planning-and-zoning-commission-moves-forward-with-data-center-ban/|https://azdailysun.com/news/local/business/development/flagstaff-s-planning-and-zoning-commission-endorses-data-center-ban-in-split-decision/article_1e437b68-57c1-4baa-8fd2-ce1e70ec5655.html,secondary,,From upstream rejected-bans file (2026-09-23); not re-read (paywall). Council action not found since.
add-ca-alhambra-2026,Alhambra,city,CA,Los Angeles,permanent ban,data_center,pending,,,permanent,"Council voted 7/27/2026 to put a citywide data center ban on the Nov 3, 2026 ballot, expanding an existing prohibition in office and industrial zones.",https://laist.com/news/alhambra-ballot-measure-data-center-ban-2026,secondary,,Existing zone-limited prohibition (office/industrial) reportedly in place already; date/instrument not found. Ballot vote 2026-11-03.
add-ca-calipatria-2026,Calipatria,city,CA,Imperial,permanent ban,data_center,pending,,,permanent,"Council voted 3-2 on July 14, 2026 to advance an ordinance permanently prohibiting data centers within city limits; public hearing/adoption not yet reported.",https://kyma.com/dsw-living/data-centers/2026/07/15/calipatria-to-bring-back-vote-on-data-center-ban/|https://www.kpbs.org/news/environment/2026/08/04/after-months-of-public-outcry-imperial-valley-cities-are-hitting-the-brakes-on-data-centers,secondary,,Earlier 5-year urgency moratorium never got second reading.
add-ca-coachella-2026,Coachella,city,CA,Riverside,permanent ban,data_center,active,2026-08-26,,permanent,Ordinance 1231 adds Chapter 17.92 permanently prohibiting data center uses citywide (accessory server/IT rooms excepted); effective 2026-09-25.,https://kesq.com/news/2026/08/25/coachella-city-council-passes-permanent-ban-on-data-centers/,secondary,True,upstream_moratorium_id=ca-coachella-2026 (replaced by this ban).
add-ca-fresno-2026,Fresno,city,CA,Fresno,permanent ban,data_center,pending,,,10-year then continuing,"Council voted 7-0 on Sept 3, 2026 directing staff to draft a code amendment prohibiting data centers citywide (incl. annexed land) for 10 years; CEQA and PC review pending.",https://sjvsun.com/uncategorized/fresno-takes-steps-to-ban-data-centers-for-10-years/|https://kmph.com/news/local/fresno-moves-forward-with-citywide-data-center-ban-future-council-votes-city-zoning-city-council-voted-unanimously-southeast-development-area|https://thebusinessjournal.com/fresno-data-center-ban-council-safeguards/,snippet_only,,Reported as 10-year prohibition that continues unless amended; not adopted.
add-ca-irwindale-2026,Irwindale,city,CA,Los Angeles,permanent ban,data_center,active,2026-09-09,,permanent,Council unanimously adopted Ordinance 821 adding Chapter 17.42 to prohibit AI data center land uses citywide; effective 2026-10-09.,https://ceqanet.lci.ca.gov/2026081065|https://hoodline.com/2026/09/la-county-freezes-giant-ai-data-centers-as-solis-pushes-permanent-ban/,primary,True,upstream_moratorium_id=ca-irwindale-undated (replaced). CEQAnet notice is primary for ordinance content; adoption date from secondary/upstream.
add-ca-losangelescounty-2026,Los Angeles County,county,CA,,permanent ban,data_center,pending,,,permanent,Board directed drafting of a zoning amendment to prohibit large-scale/hyperscale AI data centers in every unincorporated zone; interim director's ban in effect since 2026-09-17.,https://therealdeal.com/la/2026/09/21/los-angeles-county-bans-data-centers-in-unincorporated-areas/|https://mynewsla.com/government/2026/10/05/la-county-supervisors-to-consider-developing-data-center-ban/,secondary,True,upstream_moratorium_id=ca-los-angeles-county-2026 covers interim ban; this row is the pending permanent ordinance.
add-ca-montereypark-2026,Monterey Park,city,CA,Los Angeles,permanent ban,data_center,active,2026-04-20,,permanent,"Citywide data center prohibition codified by ordinance; ratified by voters via Measure NDC (2026-06-02, ~88% yes); companion Ord. 2280 General Plan amendment adopted 2026-07-02.",https://www.montereypark.ca.gov/1710/Data-Center-Information,primary,True,upstream_moratorium_id=ca-monterey-park-2026 (replaced). Date is first codification; voter ratification 2026-06-02.
add-ca-perris-2026,Perris,city,CA,Riverside,permanent ban,data_center,pending,,,permanent,"Proposed citywide prohibition on high-electricity/water data centers; Council directed drafting June 2026, Planning Commission recommended adoption 2026-09-16; Council vote pending.",https://www.kvcrnews.org/local-news/2026-09-17/perris-planning-commission-recommends-data-center-ban-as-residents-oppose-state-fairgrounds-project|https://www.kvcrnews.org/local-news/2026-06-10/perris-takes-first-step-toward-citywide-data-center-ban,secondary,,Would not govern state fairgrounds project (state land).
add-co-longmont-2026,Longmont,city,CO,Boulder,permanent ban,data_center,active,2026-06-09,,permanent,"Ordinance O-2026-34 bans hyperscale data centers (peak demand >=100 MW or 5% of regional grid capacity, whichever lower) as a land use; smaller facilities allowed with standards.",https://www.denver7.com/news/front-range/longmont/longmont-bans-hyperscale-data-centers-amid-concerns-about-energy-and-water-use|https://www.koaa.com/news/local-news/longmont-bans-hyperscale-data-centers-amid-concerns-about-energy-and-water-use|https://citizenportal.ai/articles/8145523/Colorado/Boulder-County/Longmont/Council-amends-and-adopts-ban-on-hyperscale-data-centers-after-technical-fixes-final-vote-61,secondary,,Vote 6-1. Ordinance number and date from servercountry/search snippets; Denver7 article verified (no sunset). Longmont straddles Boulder/Weld counties.
add-co-weldcounty-2026,Weld County,county,CO,,permanent ban,data_center,active,2026-04-06,,permanent,Ordinance 2026-01 (4-1) prohibits data centers in agricultural zones; allowed in industrial zones by USR or site plan review. Zone-limited prohibition.,https://northfortynews.com/category/news/weld-county-approves-data-center-code-update/,secondary,,Borderline: partial-zone prohibition within a regulatory code update (ag zone covers most of county). West sweep rejected as regulation; included for completeness — filter if only total bans wanted.
add-ct-groton-2023,Groton,town,CT,New London,permanent ban,data_center,active,2023-06,,permanent,"Zoning regulations replacing the 2022 moratorium limit data center buildings to 12,500 sq ft and bar water cooling, effectively prohibiting large/hyperscale facilities.",https://www.datacenterdynamics.com/en/news/groton-ct-blocks-large-scale-data-center-projects-thwarting-ne-edge/|https://www.yahoo.com/news/us/articles/more-connecticut-towns-banning-data-100000257.html,snippet_only,True,"Size-class prohibition (cap), not total ban. DCD returned 403; details from search snippets. Upstream has the 2022 moratorium."
add-fl-crestview-2026,Crestview,city,FL,Okaloosa,permanent ban,data_center,active,2026-09-28,,permanent,"Council unanimously adopted Ordinance 2033 on second reading, banning large-load customers including data centers from all land use categories citywide.",https://crestviewbulletin.com/crestview-bans-large-load-customers-data-centers/|https://weartv.com/news/local/crestview-bans-large-scale-data-centers-but-mayor-says-decision-could-be-revisited,secondary,,First in Okaloosa County. Mayor noted it could be revisited by a later vote.
add-fl-holmescounty-2026,Holmes County,county,FL,,permanent ban,data_center,pending,,,permanent,"Proposed permanent ban on data centers/large-load facilities in unincorporated county; PC review 2026-06-23, hearing set 2026-07-07; outcome not confirmed. One-year moratorium in place.",https://holmescounty.news/top-stories/2026/06/19/holmes-county-moves-to-restrict-data-center-development-approves-safe-haven-baby-box-contract/|https://www.wjhg.com/2026/06/03/holmes-county-moves-forward-with-moratorium-ai-data-centers/,secondary,,Moratorium Ord. 2026-23 adopted 2026-06-16. July 7 outcome not found (not checked in this pass); may already be adopted.
add-fl-palmettobay-2026,Palmetto Bay,village,FL,Miami-Dade,permanent ban,data_center,pending,,,permanent,Village council scheduled a vote 2026-09-28 on an outright ban on data centers village-wide; outcome not confirmed.,https://hoodline.com/2026/08/palmetto-bay-moves-to-ban-data-centers-before-a-single-application-lands/|https://www.cbsnews.com/miami/news/palmetto-bay-data-centers-8-30-2026/,secondary,,Sept 28 vote outcome not found.
add-fl-volusia-county-2026,Volusia County,county,FL,Volusia,permanent ban,data_center,pending,2026-08-25,,permanent,Council voted to advance a permanent ban on large-scale data centers (50+ MW peak load) in unincorporated county; ordinance needs PLDRC review and two hearings.,https://www.orlandoweekly.com/news/orlando-area-news/volusia-county-advances-permanent-ban-on-large-scale-data-centers/,secondary,,Pending-ordinance doctrine in effect.
add-ga-atlanta-2024,Atlanta,city,GA,Fulton,permanent ban,data_center,active,2024-09-03,,permanent,"Council banned new data centers in the BeltLine Overlay District and within a half-mile (2,640 ft) of MARTA/high-capacity transit stations; geographic ban, not citywide.",https://www.gpb.org/news/2024/09/04/atlanta-city-council-bans-data-centers-along-beltline|https://www.ajc.com/business/2026/10/lovejoy-data-center-ban/,secondary,,Partial-area ban. Trackers say later extended to some neighborhood commercial districts (not verified). Vote date per GPB; mayoral signature date not checked.
add-ga-chattahoochee-hills-2026,Chattahoochee Hills,city,GA,Fulton,permanent ban,data_center,active,2026-09-01,,permanent,Ord. 26-052 removed data processing facilities from the permitted-use table so they are not allowed in any zoning district; bars reclassifying them under other use names.,https://citizenportal.ai/articles/10107754/georgia/fulton-county/chattahoochee-hills/chattahoochee-hills-council-bans-data-centers-from-zoning-districts-with-unanimous-vote|https://citizenportal.ai/articles/9755314/Georgia/Fulton-County/Chattahoochee-Hills/Chattahoochee-Hills-council-unanimously-amends-code-to-bar-data-centers,snippet_only,,"citizenportal.ai returned 403; details from search snippets (AI meeting summaries). Unanimous vote Sept 1, 2026."
add-ga-fayetteville-2026,Fayetteville,city,GA,Fayette,permanent ban,data_center,active,2026-03-05,,permanent,Ordinance 26-O-12 amending UDO chapters 200 and 400 prohibits new data centers in every city zoning district as of 2026-03-05; existing QTS campus unaffected.,https://www.fayetteville-ga.gov/m/faq?cat=46|https://thecitizen.com/2026/03/19/data-center-appeal-withdrawn-in-fayetteville-the-power-of-the-people/,primary,True,upstream_moratorium_id=ga-fayetteville-2026 (replaced). City FAQ (primary) seen via search snippet; page 403 on fetch.
add-ga-griffin-2026,Griffin,city,GA,Spalding,permanent ban,data_center,active,2026-05-26,,permanent,"UDC amendments allow minor (<=10,000 sq ft) and major (<=275,000 sq ft) data centers by SUP in Planned Industrial Districts; campus/hyperscale data centers are not permitted.",https://www.griffindailynews.com/news/city-of-grifin-commissioners-approve-data-center-ordinance/article_3f730561-73ca-5e91-8d06-6c5fc962c5a0.html,secondary,True,Size-class ban inside a regulatory ordinance. upstream_moratorium_id=ga-griffin-2026 (replaced).
add-id-kootenaicounty-2025,Kootenai County,county,ID,,permanent ban,data_center,active,2025-10,,permanent,Ordinance 620 prohibits data centers in the Commercial zone and reportedly over the aquifer; allowed in Light Industrial/Industrial only by CUP. Partial-area prohibition.,https://www.kcgov.us/,snippet_only,True,Borderline (mostly regulation). upstream_moratorium_id=id-kootenai-county-2025 (replaced). Ordinance noticed 2025-10-07. Aquifer bar per Spokane Public Radio (via upstream); verify.
add-il-lisle-2026,Lisle,village,IL,DuPage,permanent ban,data_center,active,2026-06,,permanent,"Village board approved a text amendment eliminating new data centers as a permitted use in I-1, the only district allowing them; pre-2026 data centers remain conforming.",https://patch.com/illinois/lisle/lisle-vote-amendment-eliminate-data-centers-zoning-district|https://citizenportal.ai/articles/8113848/illinois/dupage-county/lisle/lisle-board-approves-zoning-amendment-contracts-for-tif-and-recruitment-several-consent-items-pass-unanimously,snippet_only,,Adoption per search snippets (citizenportal 403); likely 2026-06-01. Effectively prohibits new data centers absent a future text amendment.
add-in-casscounty-2026,Cass County,county,IN,,permanent ban,data_center,active,2026-04-21,,permanent,"Commissioners voted 3-0 for Comm-Ord-2026-08 making ""Data Processing"" a prohibited use in every zoning district.",https://www.in.gov/counties/cass/files/Comm-Ord-2026-08-Data-Processing-signed.pdf|https://savrn.com/data-center-moratorium-tracker/indiana,secondary,,Signed ordinance PDF is a scan (not machine-read); details via savrn.
add-in-marshallcounty-2026,Marshall County,county,IN,,permanent ban,data_center,active,2026-04-20,,permanent,Commissioners replaced a moratorium with a permanent prohibition on data processing/data center uses countywide (unincorporated zoning jurisdiction).,https://www.wndu.com/2026/04/20/marshall-county-commissioners-ban-data-centers-limit-solar-projects/|https://www.giant.fm/marshall-county/news/local-news/marshall-county-commissioners-enact-permanent-ban-on-data-centers-strict-limits-on-solar-and-battery-storage/,secondary,True,upstream_moratorium_id=in-marshall-county-2025 (replaced).
add-ks-browncounty-2026,Brown County,county,KS,,permanent ban,data_center;cryptocurrency_mining,active,2026-08,,permanent,"County commission adopted zoning regulations prohibiting data centers (computing, storage, AI, crypto) and commercial battery storage >=1 MWh, after PC hearing.",https://mscnews.net/local-news/930623|https://citizenportal.ai/articles/9847451/kansas/brown-county/brown-county-adopts-zoning-amendment-defining-data-centers-and-battery-storage,secondary,,Approved on a Monday before 2026-09-03 article (likely 2026-08-31). Applies to county zoning jurisdiction (unincorporated presumed).
add-ks-el-dorado-2026,El Dorado,city,KS,Butler,permanent ban,data_center,pending,,,permanent,Ballot measure to prohibit 'high-impact' data centers and battery storage systems.,https://www.newsweek.com/map-shows-states-where-data-centers-are-on-the-ballot-12528253,secondary,,Ballot measure; election Nov 3 2026. Only Newsweek table seen; not verified against local source (not checked in this pass). Sectors also include BESS.
add-ks-emporia-2026,Emporia,city,KS,Lyon,permanent ban,data_center,pending,,,permanent,Ballot measure to prohibit high-impact data centers.,https://www.newsweek.com/map-shows-states-where-data-centers-are-on-the-ballot-12528253,secondary,,Ballot measure; election Nov 3 2026. Only Newsweek table seen; not verified locally; threshold definition not confirmed.
add-ks-mcphersoncounty-2026,McPherson County,county,KS,,permanent ban,data_center;cryptocurrency_mining,active,2026-08-31,,permanent,Commission voted 3-0 for Resolution 2026-21 banning data centers and utility-scale battery storage on all county land outside city limits (hydrogen barred except at refineries).,https://www.citizenjournal.us/mcpherson-county-bans-data-centers-and-utility-scale-battery-storage/|https://www.adastraradio.com/mac-news/mcpherson-county-zoning-board-blocks-data-centers/,secondary,True,upstream_moratorium_id=ks-mcpherson-county-2025 (replaced). Crypto sector per upstream moratorium scope; confirm ban text covers crypto.
add-ks-ottawa-2026,Ottawa,city,KS,Franklin,permanent ban,data_center,pending,,,permanent,Ballot measure to prohibit data centers exceeding 25 MW.,https://www.newsweek.com/map-shows-states-where-data-centers-are-on-the-ballot-12528253,secondary,,Ballot measure; election Nov 3 2026. Only Newsweek table seen; not verified locally.
add-ky-georgetown-2026,Georgetown,city,KY,Scott,permanent ban,data_center,pending,2026-09-29,,permanent,Council unanimously directed counsel to draft an ordinance banning data centers and defining hyperscale facilities; requires Planning & Zoning review.,https://www.wkyt.com/2026/09/30/georgetown-council-votes-draft-ordinance-banning-data-centers/,secondary,,Scope may end up targeting hyperscale only.
add-ma-boston-2026,Boston,city,MA,Suffolk,permanent ban,data_center;cryptocurrency_mining,pending,,,permanent,"Councilor Culpepper proposed a zoning amendment prohibiting new data centers (incl. AI, crypto, cloud) citywide; existing sites may operate but not expand. Needs Zoning Commission approval.",https://www.wbur.org/news/2026/09/18/boston-data-center-ban-proposal,secondary,,Proposed 2026-09-18. Own-use business/research servers exempt.
add-ma-east-bridgewater-2026,East Bridgewater,town,MA,Plymouth,permanent ban,data_center,pending,,,permanent,"Special town meeting Article 2 (Oct 7, 2026) proposes zoning bylaw prohibiting data centers; needs two-thirds vote; Planning Board did not recommend.",https://www.southshore.news/p/east-bridgewater-counsel-flags-legal,secondary,,Meeting is 2026-10-07; outcome unknown at time of research. Would also need AG approval.
add-ma-mansfield-2026,Mansfield,town,MA,Bristol,permanent ban,data_center,active,2026-05-05,,permanent,Art. 23 zoning bylaw: data centers >2 MW (Tier II/III) prohibited townwide; none in residential/business districts; Tier I (<=2 MW) by special permit in industrial/PB districts.,https://www.boston.com/news/local-news/2026/05/13/mansfield-becomes-first-town-in-mass-to-pass-near-total-ban-on-data-centers/|https://www.bostonglobe.com/2026/05/13/business/mansfield-data-centers/|https://hoodline.com/2026/09/wilmington-moves-to-ban-big-ai-data-centers-caps-small-ones-at-2-megawatts/,secondary,,Size-class ban (>2 MW). AG Municipal Law Unit approval reported 2026-09-01 (Hoodline).
add-ma-millis-2026,Millis,town,MA,Norfolk,permanent ban,data_center,active,2026-05-04,,permanent,"Spring Town Meeting zoning bylaw on data centers, approved by Attorney General; Planning Board states data centers are not permitted in Millis.",https://citizenportal.ai/articles/10021520/massachusetts/norfolk-county/town-of-millis/attorney-general-approves-millis-bylaws-on-data-centers-flags-caveat-for-solarlinked-battery-storage,snippet_only,,Source returned 403; bylaw text not seen. Spring TM 2026-05-04 per search snippet; planning board hearing 2026-04-07 on 'Data Storage Centers' bylaw. Verify scope.
add-ma-salem-2026,Salem,city,MA,Essex,permanent ban,data_center,pending,,,permanent,Mayor Pangallo filed a zoning ordinance to ban data center construction citywide; pending before City Council as of Sept 2026.,https://www.wgbh.org/news/local/2026-09-16/salem-zoning-board-rejects-developers-plan-for-data-center-as-mayor-seeks-to-ban-them-outright,secondary,,ZBA upheld revocation of a Shetland Park data center permit 2026-09-16.
add-ma-wilmington-2026,Wilmington,town,MA,Middlesex,permanent ban,data_center,pending,,,permanent,Draft zoning bylaw would prohibit data centers over 2 MW and allow smaller ones by special permit only in highway/general industrial zones; PB hearing 2026-09-29; needs Town Meeting.,https://hoodline.com/2026/09/wilmington-moves-to-ban-big-ai-data-centers-caps-small-ones-at-2-megawatts/,secondary,,Size-class ban; modeled on Mansfield bylaw.
add-md-federalsburg-2026,Federalsburg,town,MD,Caroline,permanent ban,data_center,active,2026-09-09,,permanent,Town council passed Ordinance 2026-07 (4-0) amending Chapter 245 zoning to prohibit data centers in all zoning districts.,http://www.cecildaily.com/federalsburg-becomes-first-eastern-shore-jurisdiction-to-ban-data-centers/article_940767b5-2032-4323-aa93-f832d5a4a038.html|http://www.stardem.com/news/caroline/federalsburg-introduces-legislation-to-ban-data-centers/article_62b3e43a-b8e0-4bcb-b043-93d7b0d148ee.html,secondary,True,upstream_moratorium_id=md-federalsburg-2026 (3-year moratorium replaced). Possible future ballot question.
add-me-biddeford-2026,Biddeford,city,ME,York,permanent ban,data_center,pending,,,permanent,Council voted 8-1 (June 2026) to send land use code amendments to planning board that would list data centers as prohibited in all zoning districts.,https://spectrumnewsnecn.com/necn/maine/news/2026/06/04/biddeford-considers-law-banning-data-centers|https://servercountry.org/policy/maine/,secondary,,Planning Board unanimously recommended the all-district ban (Sept 2026); final council vote expected November (pressherald 2026-09-03 via savrn).
add-me-brewer-2026,Brewer,city,ME,Penobscot,permanent ban,data_center,active,2026-04-28,,permanent,Land Use Code amendments allow Tier 1-3 data centers (<20 MW) in IND/IND-2 with performance standards; data centers 20 MW and over prohibited citywide.,https://www.brewermaine.gov/AgendaCenter/ViewFile/Minutes/_04282026-204|https://servercountry.org/policy/maine/,primary,,Size-class ban (>=20 MW). Minutes of 2026-04-28 show orders 2026-C008/C009/C010 'certified and filed for posting' 4-0; final passage may have occurred at a later May 2026 meeting - confirm date.
add-me-eastport-2026,Eastport,city,ME,Washington,permanent ban,data_center,active,2026-09-09,,permanent,City council unanimously adopted a citizen-initiated ordinance prohibiting large-scale data centers in the city (incl. proposed DeepGreen subsea facility).,https://www.quoddytides.com/ordinance-banning-data-centers-adopted-by-eastport-council/,secondary,True,Supersedes 180-day moratorium (upstream me-eastport-2026). Large-scale threshold not stated in source. Companion voter-approval ordinance rejected.
add-me-north-berwick-2026,North Berwick,town,ME,York,permanent ban,data_center,pending,,,permanent,"Select Board skipped a moratorium and placed a zoning amendment banning data centers of 25,000 sq ft or more on the November 2026 ballot.",https://www.pressherald.com/2026/06/30/why-north-berwick-plans-to-skip-a-data-center-moratorium-and-let-voters-decide/|https://wgme.com/news/local/north-berwick-could-vote-to-ban-data-centers-in-november,secondary,,Whether ordinance is permanent and any threshold not stated in source.
add-mi-saultstemarietribe-2026,Sault Ste. Marie Tribe of Chippewa Indians,tribal,MI,,permanent ban,data_center,active,2026-01,,permanent,"Tribal board unanimously adopted an indefinite moratorium (no sunset) prohibiting development, approval or operation of AI data centers on tribal lands.",https://www.myupnow.com/news/sault-tribe-directors-vote-in-indefinite-pause-on-data-center-development/article_51356dac-7efb-4e02-b7fd-6802f439cfd8.html|https://savrn.com/data-center-moratorium-tracker/michigan,secondary,,Indefinite moratorium treated like EBCI/Seminole. Source fetch rate-limited (429); details via savrn. Exact date not confirmed.
add-mo-fenton-2026,Fenton,city,MO,St. Louis,permanent ban,data_center,active,2026-04-23,,permanent,"Ordinance 4633 defines data centers and expressly excludes them from industrial, warehouse, research and other use definitions; no zoning district allows the use.",https://ecode360.com/FE3298/laws/LF2661408.pdf|https://servercountry.org/policy/missouri/,primary,,Ordinance PDF not read directly; details via servercountry summary.
add-mo-peculiar-2024,Peculiar,city,MO,Cass,permanent ban,data_center,active,,,permanent,"Board of Aldermen unanimously removed data centers from the light industrial zoning ordinance, leaving no zone where they are permitted; blocked Diode Ventures project.",https://www.kshb.com/news/local-news/peculiar-reverses-zoning-for-data-center-after-cries-from-neighbors|https://savrn.com/data-center-moratorium-tracker/missouri,secondary,,"Date uncertain: savrn says 2026-05, but the Diode Ventures fight was reported earlier (likely 2023-24); KSHB article undated in fetch. id year provisional."
add-mo-stcharles-2026,St. Charles,city,MO,St. Charles,permanent ban,data_center,active,2026-05-20,,permanent,"Council passed TA-2026-01 (7-1) defining data centers, excluding them from warehouse use, and barring them as permitted or conditional use in every zoning district.",https://www.stlpr.org/2026-05-20/st-charles-passes-a-ban-on-data-centers,secondary,True,upstream_moratorium_id=mo-st-charles-2025 (replaced).
add-nc-claycounty-2026,Clay County,county,NC,,permanent ban,data_center;cryptocurrency_mining,active,2026-01-08,,permanent,Ordinance 01.08.2026 prohibits commercial data centers (2 MW+ peak demand) in unincorporated county; separate ordinance has prohibited commercial crypto mining since 2022-08-04.,https://programs.com/resources/data-center-moratoriums-tracker/,snippet_only,,"From upstream rejected-bans file (removed id nc-clay-county-2026), which cites the signed ordinance on the county website (URL not retained). savrn lists only a 2025 moratorium. Could split crypto (2022) into separate row."
add-nc-mcdowellcounty-2024,McDowell County,county,NC,,permanent ban,cryptocurrency_mining,active,2024-01-08,,permanent,"Commissioners adopted an ordinance prohibiting establishment of cryptocurrency mines countywide, ending the 2023 crypto moratorium.",https://mcdowellgov.com/,snippet_only,True,upstream_moratorium_id=nc-mcdowell-county-2026 (replaced); per upstream record citing 2024-01-08 board minutes. Separate 2026 data center moratorium exists.
add-nc-murphy-2024,Murphy,town,NC,Cherokee,permanent ban,cryptocurrency_mining,active,2024-08-12,,permanent,Town adopted zoning text amendment prohibiting crypto mines after Aug. 12 public hearing; passed unanimously. Existing county mines unaffected.,https://www.cherokeescout.com/local-newsletter/town-bans-crypto-mines-inside-its-borders,snippet_only,,Source page 404 on fetch; year inferred (Aug 12 2024 was a Monday meeting date) - verify year.
add-nc-waynesville-2023,Waynesville,town,NC,Haywood,permanent ban,cryptocurrency_mining,active,2023-11-28,,permanent,Town council unanimously added cryptocurrency mining to land uses prohibited within town limits; data centers remain allowed in commercial/industrial districts.,https://wlos.com/news/local/no-crypto-mining-waynesville-town-limits-council-votes-final-data-centers-ban|https://www.themountaineer.com/news/waynesville-bans-crypto-currency-mining-operations/article_d7af3cf4-8a86-11ee-b791-97a57405a302.html|https://media.buncombenc.gov/common/Commissioners/20241119/PH%201_MEMO_Crypto%20Data%20Ctr%20_%20Govt%20Protective%20Memo.pdf,secondary,,Buncombe County planning memo (2024) also lists 'total ban on crypto-currency mining in Waynesville'.
add-nh-canterbury-2026,Canterbury,town,NH,Merrimack,permanent ban,data_center;cryptocurrency_mining,active,2026-03-10,,permanent,"Zoning Art. 4 adds Data Center definition (incl. crypto mining, server farms, colocation) and marks it Not Allowed in all zones; on-site business IT and home servers exempt. Passed 322-63.",https://www.canterburynh.gov/wp-content/uploads/2026/02/2026-Warrant-Article-4-Data-Centers.pdf|https://www.canterburynh.gov/wp-content/uploads/2026/03/Town-Meeting-Election-Results-3_10_26.pdf|https://servercountry.org/policy/new-hampshire/,primary,,Warrant text read (primary). Vote tally 322-63 from servercountry; results PDF is scanned and could not be text-extracted.
add-nv-nyecounty-2026,Nye County,county,NV,,permanent ban,data_center,active,2026-08-18,,permanent,Commission voted 5-0 to permanently ban data center construction/operation within Hydrographic Basin 162 (Pahrump Valley); rest of county under moratorium pending siting rules.,https://nevadacurrent.com/2026/08/20/nye-county-totally-bans-data-centers-in-over-appropriated-water-basin/,secondary,True,upstream_moratorium_id=nv-nye-county-2026 (countywide moratorium still active outside Basin 162). Source fetch 403; details per upstream record.
add-ny-allegany-2026,Allegany,town,NY,Cattaraugus,permanent ban,data_center;cryptocurrency_mining,active,2026-06-09,,permanent,"Town board passed a local law banning data centers, accessory data centers and cryptocurrency mining facilities in all zoning districts.",https://www.oleantimesherald.com/2026/06/13/allegany-town-bans-data-center-crypto-mining-facilities/|https://writing.strisker.com/data-centers-weekly-briefing-jun-15-18-2026/,secondary,,"Date inferred (""Tuesday"" before 2026-06-13 article); article paywalled past lede."
add-ny-danby-2026,Danby,town,NY,Tompkins,permanent ban,data_center;cryptocurrency_mining,active,2026-04-07,,permanent,"Zoning amendments define data centers and cryptocurrency mining facilities and do not allow them in any zone, effectively banning both uses townwide.",https://www.ithaca.com/news/ithaca/town-of-danby-bans-data-centers-and-crypto-mines/article_e59fdc05-a17a-4462-8c26-a74e84dd4741.html|https://www.cornellsun.com/article/2026/10/town-of-lansing-to-draft-data-center-ban-following-public-upset,secondary,,"Ithaca Times article (429, not fetched; snippet cites April 7 board meeting). Cornell Sun (Oct 2026) confirms Danby has banned data centers of any size. Exact adoption date/local law number unverified."
add-ny-dryden-2026,Dryden,town,NY,Tompkins,permanent ban,data_center;cryptocurrency_mining,active,2026-02-19,,permanent,"Local Law 2 of 2026 defines data centers and cryptocurrency data mines but omits them from the allowable-use chart, prohibiting them as principal uses town-wide.",https://ithacavoice.org/2026/02/the-town-of-dryden-just-banned-data-centers-heres-why/,secondary,True,"upstream_moratorium_id=ny-dryden-2024 (replaced). Accessory data centers defined separately; source fetch rate-limited, details per upstream record."
add-ny-lansing-2026,Lansing,town,NY,Tompkins,permanent ban,data_center,pending,,,permanent,Town Board (4 of 5) directed town attorney to draft a local law prohibiting data centers after TeraWulf proposal at former Cayuga/Milliken plant; hearing and vote expected fall 2026.,https://www.cornellsun.com/article/2026/10/town-of-lansing-to-draft-data-center-ban-following-public-upset|https://ithacavoice.org/2026/09/lansing-board-data-center-ban/|https://sustainablefingerlakes.org/2026/10/01/update-the-town-of-lansing-is-drafting-a-ban-on-data-centers/,secondary,,Draft not yet introduced as of early Oct 2026.
add-oh-conneaut-2026,Conneaut,city,OH,Ashtabula,permanent ban,data_center,pending,,,permanent,Citizen-initiated charter amendment to prohibit data centers over 25 MW aggregate demand; contiguous parcels counted together.,https://www.yahoo.com/news/articles/conneaut-charter-amendment-restrict-data-035900617.html|https://highlandcountypress.com/news/data-centers-are-november-ballot-these-18-ohio-communities|https://www.newsweek.com/ohio-has-half-of-us-data-center-ballot-measures-in-midterms-12525098,secondary,,Ballot measure; election Nov 3 2026. Conserve Ohio model; certified by Ashtabula BOE 2026-08-26.
add-oh-dayton-2026,Dayton,city,OH,Montgomery,permanent ban,data_center,active,2026-06-24,,permanent,"City Commission amended the zoning code to make data centers (as primary use) a prohibited use citywide; accessory server rooms allowed, existing centers grandfathered.",https://www.daytondailynews.com/local/dayton-bans-building-of-large-data-centers-in-city/article_f73f8555-0cd9-5e23-8f78-676cd89b191f.html|https://www.wosu.org/2026-06-22/dayton-to-vote-on-zoning-changes-to-ban-data-centers-restrict-gas-stations-and-car-washes|https://servercountry.org/policy/ohio/,secondary,,Replaced a 180-day plan board moratorium. Adoption confirmed via search snippets (DDN headline) + servercountry; DDN article not read in full.
add-oh-defiance-2026,Defiance,city,OH,Defiance,permanent ban,data_center,pending,,,permanent,"Charter amendment banning data centers above 25 MW on the Nov 3, 2026 ballot; six-month moratorium in effect meanwhile.",https://highlandcountypress.com/news/data-centers-are-november-ballot-these-18-ohio-communities,secondary,True,upstream_moratorium_id=oh-defiance-undated covers the moratorium.
add-oh-dublin-2026,Dublin,city,OH,Franklin,permanent ban,data_center,active,2026-07-01,,permanent,Ordinance 33-26 removed data centers as permitted or conditional uses throughout the West Innovation District (new ID-6 district); zone-limited prohibition.,https://dublinohiousa.gov/west-innovation-district-rezoning/,primary,,Defined-area prohibition only (WID); other districts not addressed in source.
add-oh-granville-2026,Granville,village,OH,Licking,permanent ban,data_center,pending,,,permanent,Citizen-initiated charter amendment to prohibit data centers drawing over 25 MW.,https://highlandcountypress.com/news/data-centers-are-november-ballot-these-18-ohio-communities|https://www.yahoo.com/news/politics/articles/data-centers-november-ballot-18-075043860.html|https://www.newsweek.com/ohio-has-half-of-us-data-center-ballot-measures-in-midterms-12525098,secondary,,Ballot measure; election Nov 3 2026. Conserve Ohio 25 MW model (Newsweek describes as general prohibition).
add-oh-hubbard-2026,Hubbard,city,OH,Trumbull,permanent ban,data_center,pending,,,permanent,Citizen initiative to ban data centers outright within city limits.,https://www.tribtoday.com/news/local-news/2026/10/hubbard-voters-to-decide-on-ban-on-data-centers/|https://cityofhubbard-oh.gov/data-center-petitions/|https://highlandcountypress.com/news/data-centers-are-november-ballot-these-18-ohio-communities,secondary,,Ballot measure; election Nov 3 2026. Only full (no-threshold) ban on Ohio Nov ballot; council's separate 1-year moratorium in effect (not counted).
add-oh-oregon-2026,Oregon,city,OH,Lucas,permanent ban,data_center,pending,,,permanent,Citizen-initiated charter amendment to prohibit data centers exceeding 25 MW.,https://highlandcountypress.com/news/data-centers-are-november-ballot-these-18-ohio-communities|https://www.yahoo.com/news/politics/articles/data-centers-november-ballot-18-075043860.html|https://www.newsweek.com/ohio-has-half-of-us-data-center-ballot-measures-in-midterms-12525098,secondary,,Ballot measure; election Nov 3 2026. Conserve Ohio 25 MW model.
add-oh-paristwp-union-2026,Paris Township (Union County),township,OH,Union,permanent ban,data_center,active,2026-04-07,,permanent,"Zoning resolution amendments define ""Data Center"" without listing it as permitted or conditional in any district, prohibiting data centers in unincorporated Paris Township.",https://ohiocapitaljournal.com/,snippet_only,True,"upstream_moratorium_id=oh-paris-township-union-county-2026 (replaced); upstream confidence 0.5, news-only. Recorded with county 2026-05-07. Not independently verified."
add-oh-pataskala-2026,Pataskala,city,OH,Licking,permanent ban,data_center,pending,,,permanent,Citizen-initiated charter amendment to prohibit large-scale data centers over 25 MW.,https://highlandcountypress.com/news/data-centers-are-november-ballot-these-18-ohio-communities|https://www.yahoo.com/news/politics/articles/data-centers-november-ballot-18-075043860.html|https://www.newsweek.com/ohio-has-half-of-us-data-center-ballot-measures-in-midterms-12525098,secondary,,Ballot measure; election Nov 3 2026. Conserve Ohio 25 MW model.
add-oh-piqua-2026,Piqua,city,OH,Miami,permanent ban,data_center,pending,,,permanent,"Citizen-petition charter amendment banning data centers above 25 MW placed on the Nov 3, 2026 ballot by city commission.",https://miamivalleytoday.com/piqua-commission-passes-amended-ordinance-to-place-data-center-issue-on-nov-ballot/|https://highlandcountypress.com/news/data-centers-are-november-ballot-these-18-ohio-communities,secondary,,Ballot 2026-11-03.
add-oh-sidney-2026,Sidney,city,OH,Shelby,permanent ban,data_center,pending,,,permanent,Citizen petitions to prohibit/limit data centers in the city (plus a separate recall charter amendment).,https://www.yahoo.com/news/politics/articles/data-centers-november-ballot-18-075043860.html|https://www.morningagclips.com/ohio-supreme-court-rules-on-three-data-center-petition-cases/,secondary,,Likely special election (not necessarily Nov 3) after Ohio Supreme Court ruled clerk wrongly blocked petitions; exact ban text/threshold not verified.
add-oh-sunbury-2026,Sunbury,city,OH,Delaware,permanent ban,data_center,pending,,,permanent,Citizen-initiated charter amendment to prohibit data centers with 25+ MW aggregate demand or peak load.,https://highlandcountypress.com/news/data-centers-are-november-ballot-these-18-ohio-communities|https://www.yahoo.com/news/politics/articles/data-centers-november-ballot-18-075043860.html|https://www.newsweek.com/ohio-has-half-of-us-data-center-ballot-measures-in-midterms-12525098,secondary,,Ballot measure; election Nov 3 2026. Conserve Ohio 25 MW model.
add-oh-trenton-2026,Trenton,city,OH,Butler,permanent ban,data_center,pending,,,permanent,"Council placed a citizen-petition charter amendment banning data centers above 25 MW on the Nov 3, 2026 ballot.",https://www.journal-news.com/local/trenton-council-votes-to-place-data-center-ban-on-november-ballot/article_a06d1327-3250-504a-96a6-4b6c777ba0a2.html|https://highlandcountypress.com/news/data-centers-are-november-ballot-these-18-ohio-communities,secondary,True,Ballot 2026-11-03; upstream has related moratorium.
add-oh-upper-sandusky-2026,Upper Sandusky,city,OH,Wyandot,permanent ban,data_center,pending,,,permanent,Citizen-initiated charter amendment to prohibit data centers drawing over 25 MW.,https://highlandcountypress.com/news/data-centers-are-november-ballot-these-18-ohio-communities|https://www.yahoo.com/news/politics/articles/data-centers-november-ballot-18-075043860.html|https://www.newsweek.com/ohio-has-half-of-us-data-center-ballot-measures-in-midterms-12525098,secondary,,Ballot measure; election Nov 3 2026. Conserve Ohio 25 MW model.
add-oh-urbana-2026,Urbana,city,OH,Champaign,permanent ban,data_center,pending,,,permanent,"Charter amendment banning data centers over 7.5 MW on the Nov 3, 2026 ballot.",https://highlandcountypress.com/news/data-centers-are-november-ballot-these-18-ohio-communities,secondary,True,Ballot 2026-11-03.
add-ok-seminole-nation-2026,Seminole Nation of Oklahoma,tribal,OK,Seminole,permanent ban,data_center,active,2026-03-07,,permanent,Tribal Council resolution (24-0) prohibits data center and generative-AI/hyperscale infrastructure development and related inquiries on Seminole Nation lands; no end date.,https://nativenewsonline.net/sovereignty/seminole-nation-of-oklahoma-passes-moratorium-on-data-centers/|https://tulsaflyer.org/2026/08/04/news/post/tribal-nations-data-center-standings-update/,secondary,,Framed as an indefinite moratorium (no sunset); treat like EBCI indefinite moratorium.
add-pa-alleghenycounty-2026,Allegheny County,county,PA,,permanent ban,data_center;cryptocurrency_mining,active,2026-09-24,,permanent,"County Council unanimously banned hyperscale data centers and crypto-mining facilities on county-owned property (~770 parcels, ~30,000 acres); private/municipal land unaffected.",https://www.wesanews.org/politics-government/2026-08-25/allegheny-county-property-data-center-ban-proposal|https://savrn.com/data-center-moratorium-tracker/pennsylvania,secondary,,"Proprietary ban on county land, not a zoning prohibition. Map as county-owned parcels only, if mapped at all."
add-ri-charlestown-2026,Charlestown,town,RI,Washington,permanent ban,data_center,active,2026-08-11,,permanent,"Town council unanimously adopted zoning ordinances banning data centers (and battery storage facilities, with consumer-storage exemptions).",https://www.progressive-charlestown.com/2026/08/charlestown-bans-data-centers-battery.html,secondary,,Also bans BESS (out of scope sector).
add-ri-cumberland-2026,Cumberland,town,RI,Providence,permanent ban,data_center,active,2026-09-16,,permanent,Town council adopted Ordinance 26-22 (6-1) listing data centers as a prohibited use in the zoning ordinance.,https://upriseri.com/article/cumberland-council-bans-data-centers-in-zoning-ordinance-on-6-1-vote,secondary,,
add-ri-smithfield-2026,Smithfield,town,RI,Providence,permanent ban,data_center,active,2026-05-05,,permanent,"Town council voted 4-1 for an ordinance banning data centers, effective 30 days later; an application filed May 4 may be vested.",https://www.oceanstatemedia.org/technology/2026-05-13/proposed-data-center-still-looms-over-smithfield-even-after-town-council-enacts-ban,secondary,,Hanton City Investments application filed 2026-05-04 may proceed under prior zoning; litigation expected.
add-tn-hawkinscounty-2025,Hawkins County,county,TN,,permanent ban,data_center;cryptocurrency_mining,active,2025-09-22,,permanent,County commission resolution under the County Powers Act prohibits operation of cryptocurrency mining and data center facilities countywide; second ban resolution passed July 2026.,https://www.timesnews.net/news/local-news/hawkins-commission-unearthed-county-powers-act-to-ban-crypto-mines/article_95549d15-e563-4b15-8537-ecd533ebfdad.html|https://www.wjhl.com/news/local/hawkins-co-commission-passes-resolution-banning-data-centers-crypto-mines/|https://www.wbir.com/article/news/politics/lawsuit-filed-cryptocurrency-company-challenges-hawkins-county-data-center-ban/51-f778edea-f3cd-47bf-9c38-d58b03ad190b|https://www.beacontn.org/wp-content/uploads/2026/03/ExoticRidge-Complaint-for-Filing.pdf,secondary,,"From upstream rejected-bans file (removed id tn-hawkins-county-2025). Resolution 2025-09-22 under County Powers Act (2012 adoption); expanded 12-0 resolution (establishment/construction/expansion/operation, unincorporated) July 2026. Federal suit by ExoticRidge Crypto (filed 2026-03-31)."
add-tn-nashvilledavidson-2026,Nashville-Davidson (Metro),city,TN,Davidson,permanent ban,data_center,active,2026-07-21,,permanent,"Metro Council passed BL2026-1391 banning data centers over 500,000 sq ft countywide and limiting others to heavy industrial areas away from homes/schools/parks.",https://www.wsmv.com/2026/07/22/metro-council-passes-first-data-center-regulations-nashville-heres-what-changes/,secondary,,Size-class ban within a regulatory ordinance. Separate temporary permit moratorium to Dec 2026.
add-tn-white-county-2026,White County,county,TN,White,permanent ban,data_center;cryptocurrency_mining,active,2026-07-20,,permanent,County adopted an outright ban on data centers and data mining facilities; a 4.9 MW crypto proposal on a small parcel reportedly bypassed it and the county is reviewing options.,https://www.wsmv.com/2026/08/10/white-county-executive-reviews-legal-options-after-proposed-data-center-bypasses-local-ban/|https://savrn.com/data-center-moratorium-tracker/tennessee,secondary,,Adoption date per WSMV (tracker says 2026-01). Scope (unincorporated only?) and instrument (resolution vs. County Powers Act ordinance) not confirmed.
add-tx-forney-2026,Forney,city,TX,Kaufman,permanent ban,data_center,pending,2026-07-23,,permanent,"Council directed staff to amend zoning to prohibit data centers in all districts; public hearings to follow. April 2026 rules (5,000-ft setback, CUP) remain meanwhile.",https://www.inforney.com/business/forney-council-moves-to-ban-future-data-centers-a/article_33ab99f5-98c7-446c-80c9-40f5e7953141.html,secondary,,date = direction date.
add-tx-mesquite-2026,Mesquite,city,TX,Dallas,permanent ban,cryptocurrency_mining,pending,,,permanent,"Zoning text amendment ZTA2026-01 would prohibit cryptocurrency mining; public hearing July 6, 2026 postponed.",https://servercountry.org/policy/texas/,snippet_only,,Status after July 2026 unknown.
add-tx-sanmarcos-2026,San Marcos,city,TX,Hays,permanent ban,data_center,active,2026-06-16,,permanent,Council voted 4-3 to define data centers in the land development code and make them ineligible in every zoning district citywide.,https://www.texastribune.org/2026/06/30/texas-san-marcos-data-center-ban-zoning-laws/,secondary,,Ordinance number not in source.
add-va-suffolk-2026,Suffolk,city,VA,Suffolk (independent city),permanent ban,data_center,pending,2026-10,,permanent,"Planning Commission voted 8-0 to recommend prohibiting standalone data centers in all zoning districts; City Council vote scheduled Oct 21, 2026.",https://www.suffolknewsherald.com/news/suffolk-planners-back-data-center-ban-ca2cc41b|https://savrn.com/data-center-moratorium-tracker/virginia|https://www.whro.org/local-government/2026-06-18/suffolk-to-temporarily-ban-data-centers,snippet_only,,June 2026 WHRO framed it as temporary until regulations are written; permanence unclear. Suffolk News-Herald 403.
add-va-virginia-beach-2026,Virginia Beach,city,VA,Virginia Beach (independent city),permanent ban,data_center,pending,2026-06,,permanent,Council unanimously directed staff to draft citywide ban on large-scale and hyperscale data centers; subsea cable landings and colocation allowed by CUP. Needs Planning Commission + final vote.,https://virginiabusiness.com/virginia-beach-city-council-voices-support-for-citywide-ban-on-large-data-centers/|https://servercountry.org/policy/virginia/,secondary,,date_adopted = date of direction (June 2026); final adoption not found as of 2026-10-07.
add-va-warrenton-2025,Warrenton,town,VA,Fauquier,permanent ban,data_center,active,2025-07-08,,permanent,"Town council approved (5-0 or 6-0 per sources) a zoning text amendment striking data centers as a permissible use (Arts. 3, 9, 12); prior Amazon SUP on Blackwell Road unaffected.",https://www.fauquier.com/news/town-council-votes-to-ban-data-centers-from-warrenton/article_0f58d64e-f89e-4dbd-8825-c06e65f1a4b7.html|https://www.fauquiernow.com/news/warrenton-town-council-pushes-back-against-data-centers-amends-zoning-ordinance/article_67ce814a-e880-4c95-8099-bac067988a25.html,secondary,,Existing Amazon special use permit vested.
add-wa-arlington-2026,Arlington,city,WA,Snohomish,permanent ban,data_center,active,2026-06-15,,permanent,Council unanimously amended AMC Ch. 20.40 (Permissible Uses) to define data centers and expressly exclude them in every zone citywide.,https://www.heraldnet.com/2026/06/23/arlington-clarifies-code-does-not-include-data-centers/|https://servercountry.org/policy/washington/,secondary,,City framed it as clarifying the use was already not permitted; prompted by Amazon Project Cascade. Ordinance number not found; exceptions (e.g. accessory server rooms) unverified.
add-wa-ephrata-2018,Ephrata,city,WA,Grant,permanent ban,cryptocurrency_mining,active,2018,,permanent,"EMC 19.30 prohibits all high intensity computer operations (crypto mining) within the city, including as a home occupation (Ord. 18-13, 18-28).",https://www.codepublishing.com/WA/Ephrata/html/Ephrata19/Ephrata1930.html,snippet_only,True,upstream_moratorium_id=wa-ephrata-2018 (replaced). Code page 403 on fetch; text per upstream record. Exact adoption date of Ord. 18-28 unknown.
add-wy-park-county-2026,Park County,county,WY,,permanent ban,data_center,pending,,,permanent,"Proposed development-standards update would prohibit data centers outright in most zones (incl. smaller residential/commercial), allowing them by special use permit only in limited areas.",https://www.wyomingnews.com/laramieboomerang/laramieboomerang/news/park-county-proposes-prohibiting-data-centers-in-most-areas/article_44ea5e3e-d72c-4c6e-b601-625eeae55de4.html|https://www.datacenterbans.com/state/wyoming,snippet_only,,Proposed 2026-07-29. Article fetch returned HTTP 429; details from search snippet + tracker. Partial-zone prohibition with SUP elsewhere may be closer to regulation; adoption status as of Oct 2026 unknown.
