id,verified,date_adopted,duration,sectors,instrument_number,status_now,source_urls,source_quality,changes_vs_ours,notes
add-ga-americus-2026,partial,2026-09-24,30 days,data center,,active (expires ~2026-10-24 unless extended; data center ordinance amendment on same agenda),https://americuscityga.iqm2.com/Citizens/Detail_Meeting.aspx?ID=1518|https://americustimesrecorder.com/2026/09/24/americus-city-council-votes-for-data-center-moratorium/,secondary,none,City iqm2 agenda confirms 2026-09-24 6pm council meeting with public hearing on data center ordinance amendment; moratorium itself not on posted agenda (added at meeting) and no instrument number published. Vote 5-1 per Times-Recorder. Next meetings 2026-10-15 and 2026-10-22 (agendas silent on moratorium).
add-co-mesa-2026,yes,2026-09-29,12 months (to ~2027-09-29),data center facilities >=1 MW combined demand; land-use applications in unincorporated county; excludes accessory server rooms and some government facilities,,active,https://www.mesacounty.us/news/county-wide/commissioners-approve-data-center-moratorium|https://www.kjct8.com/2026/09/30/mesa-county-approves-one-year-moratorium-data-centers/|https://thebusinesstimes.com/mesa-county-approves-data-center-moratorium/,primary,date_adopted 2026-09-30 -> 2026-09-29 (Tuesday hearing; effective immediately); expiry 2027-09-29; add 1 MW threshold,County press release is primary; resolution number not located (agenda packet not found). No pending applications.
add-oh-warren-2026,partial,2026-09-29 or 2026-09-30 (unconfirmed),6 months,"hyperscale data center >=10,000 sq ft; county-zoned unincorporated areas",,active,https://www.journal-news.com/local/warren-county-enacts-6-month-moratorium-on-new-data-centers/article_9b0a7d8f-7ce7-5238-a355-2b1903b14b78.html|https://warrencountypost.com/g/lebanon-oh/n/391312/warren-county-commissioners-consider-moratorium-data-centers,secondary,none (date still a range),"Journal-News 2026-09-30 reports unanimous approval, exact meeting date and resolution number not given. 2026-09-23 Warren County Post: board directed prosecutor to draft resolution after 9/22 work session, public hearing to be advertised. co.warren.oh.us returned HTTP 522, so resolution not retrieved. Beware name collisions: Warren (city, Trumbull Co OH, tribtoday Sept 2026 1-year moratorium) and Warren County NC are different jurisdictions."
add-ca-commerce-2026,partial,2026-08-11,45 days (to 2026-09-25); extension up to 10 mo 15 days was to be heard,"data center; land-use permits, entitlements, agreements",,unknown (extension not confirmed; expired 2026-09-25 if not extended),https://www.commerceca.gov/Home/Components/News/News/1159/224|https://www.loscerritosnews.net/2026/08/13/commerce-halts-data-center-development-with-emergency-45-day-moratorium/|https://mynewsla.com/government/2026/08/12/city-of-commerce-approves-temporary-ban-on-data-center-development/,secondary,none; extension still unconfirmed,"City news page (primary) blocks fetch (HTTP 403), as do commerceca.gov AgendaCenter and a 'NOTICE OF PUBLIC HEARING' news item (id 1141) that may be the extension hearing. No news coverage of an extension found. One search summary claimed 'extended April 22 by Ordinance No. 3065 to Feb 2, 2027'. That is chronologically impossible and looks like a hallucinated blend, so we disregarded it. Ordinance number not found. Keep status_inferred and the verify flag."
add-pa-olyphant-2026,partial,2026-04-14,180 days (to ~2026-10-11),data center (zoning; curative amendment period),municipal curative amendment declaration under PA MPC 609.2 (no number published),active until ~2026-10-11; no extension or adopted ordinance found,https://fox56.com/news/local/olyphant-council-rejects-data-center-zoning-plan-then-opens-180-day-curative-amendment|https://www.yahoo.com/news/articles/olyphant-passes-six-month-pause-201800689.html,secondary,"date_adopted 2026-04-15 -> 2026-04-14 (Tuesday meeting; 04-15 is article date); expiry ~2026-10-11; instrument is a 180-day municipal curative amendment (MPC 609.2), not a standalone moratorium ordinance","Council rejected the CM-2 data center zoning amendment 4-3, then started a 180-day curative amendment that shields the borough from validity challenges while it rewrites the ordinance. Residents pushed stricter amendments at a 2026-09-08 meeting. No October action found, so the protection lapses about 2026-10-11 unless an ordinance is adopted."
add-in-zionsville-2026,yes,2026-09-21,1 year (proposed),data center+battery storage+solar farm+wind farm,Resolution 2026-25,pending: resolution initiates zoning ordinance amendment; moratorium not yet in force,https://zionsville-in.gov/AgendaCenter/ViewFile/Agenda/_09212026-2265?packet=true|https://zionsville-in.gov/AgendaCenter/ViewFile/Minutes/_09212026-2265|https://www.youarecurrent.com/2026/09/22/zionsville-town-council-approves-moratorium-on-data-centers-wind-and-solar-projects/,primary,"status active -> pending; date_expires unknown (1 year runs from ordinance adoption, not 2026-09-21); add instrument Resolution 2026-25; scope: acceptance/processing/approval of all applications, permits, approvals","Resolution 2026-25 (passed 7-0) uses IC 36-7-4-602(b)(1) and 607.5(b) to send a proposed zoning-ordinance amendment, a 1-year moratorium on data centers/BESS/solar/wind, to the Plan Commission for recommendation. The council must still adopt the ordinance. The 10/19 and 10/20 Plan Commission agendas do not yet list it in their text."
add-pa-cummings-2026,yes,2026-07-14,180 days (to 2027-01-10),data center; applications,Resolution 07.14.2026.01,active,https://cummingstownship-pa.com/wp-content/uploads/2026/09/July-14-26-Meeting-Minutes-CTwp.pdf,primary,none,"Minutes: Braddock moved, Rogers seconded, MCU (motion carried unanimously). The moratorium allows 180 days for a curative zoning amendment."
add-state-tx-abbott-tceq-order-2026-09-21,yes,2026-09-21,until ERCOT completes its data center review,all permits related to data center projects (TCEQ),"Governor's letter to TCEQ Executive Director Kelly Keel, 2026-09-21",in force; TCEQ compliance update due 2026-10-19,https://gov.texas.gov/uploads/files/press/TCEQ_Data_Center.pdf|https://gov.texas.gov/news/post/governor-abbott-directs-tceq-to-halt-data-center-permits|https://www.texastribune.org/2026/09/21/texas-data-center-moratorium-water-energy/,primary,"replace Bracewell source with letter PDF. Letter does not itemise air/wastewater/standard permits, does not mention islanded/behind-the-meter projects, and gives no mid-December date: drop those or attribute to secondary","Letter text: 'directing the TCEQ to halt all permits sought by data centers ... pause the issuance of all permits related to data center projects until ERCOT completes its review'; 'no other state agency shall move forward with regulatory approvals related to data centers until this information is acquired.' Press release also ties it to TWDB audit. It is a directive letter, not an executive order."
add-ky-georgetown-2026,partial,2026-07-13,through 2026-12-31 (county moratorium now extended to March 2027),data center (supports county moratorium),,superseded/duplicate: city resolution only endorses Scott County Fiscal Court moratorium; county extended to March 2027 on 2026-09-24; city council on ~2026-09-29 directed counsel to draft an ordinance banning data centers,https://www.news-graphic.com/news/city-stands-by-halt-on-data-centers/article_824d45dd-3921-48b8-9a75-cde0d127c369.html|https://www.wkyt.com/2026/07/14/georgetown-city-council-backs-data-center-moratorium/|https://www.wkyt.com/2026/09/25/scott-county-extends-data-center-moratorium-until-march/|https://www.wkyt.com/2026/09/30/georgetown-council-votes-draft-ordinance-banning-data-centers/,secondary,Not a city moratorium: unanimous 2026-07-13 resolution supporting the Scott County moratorium (upstream ky-scott-county-2026 already records this resolution). Recommend dropping our row or folding into a correction of ky-scott-county-2026 (extended 2026-09-24 to March 2027; upstream end 2026-12-31 is stale).,"Resolution number not found. Georgetown zoning reportedly already does not permit data centers; separate ban ordinance requested 2026-09-29, needs Planning Commission review."
add-co-thornton-2026,yes,2026-09-22,12 months (to 2027-09-22),"data center >50,000 sq ft; new and expansion of existing data centers; all permits/licenses/plan approvals",not shown on city page,active,https://www.thorntonco.gov/government/public-notices/approved-ordinances/ordinance-establishing-temporary-moratorium|https://www.northglenn-thorntonsentinel.com/news/thornton-clamps-on-12-month-moratorium-on-new-data-centers/article_92f708f1-dee2-420d-968b-02e9a65b0900.html|https://businessden.com/two-more-cities-pass-moratoriums-on-new-data-centers/|https://www.yahoo.com/news/us/articles/council-approves-second-reading-one-090403016.html,primary,"Date confirmed (second reading 2026-09-22, first reading 2026-09-08 by 5-4); date_uncertainty can go to exact; add expansion of existing data centers to scope.",City approved-ordinances page lists First Reading 2026-09-08 / Second Reading 2026-09-22; second-reading vote 5-3. Ordinance number not published on the page. Expiry 2027-09-22 per city summary.
add-ca-dixon-2026,partial,2026-09-30,45 days (to 2026-11-14),"data centers >=5,000 sq ft or 2 MW + battery energy storage systems (BESS); new land-use applications",not found,active,https://www.dailyrepublic.com/news/dixon-council-puts-data-centers-bess-applications-on-hold/article_19af7454-0369-40bd-a243-b50cf547291b.html|https://fox40.com/news/local-news/solano-county/dixon-data-center-moratorium/|https://www.abc10.com/video/news/local/dixon-approves-45-day-moratorium-on-new-data-center-approvals/103-390e0444-a96c-4583-bf68-4cd51501130c|https://www.independentvoice.com/2026/10/02/586361/dixon-approves-temporary-data-center-ban|https://hoodline.com/2026/09/dixon-weighs-45-day-data-center-ban-as-ai-boom-reshapes-solano-county/,secondary,"Sectors: add BESS (multi-sector data center + battery storage); size threshold 5,000 sq ft or 2 MW. Date 2026-09-30 confirmed by several outlets (no longer snippet-only).",Unanimous at 2026-09-30 special meeting (Gov. Code 65858 urgency interim ordinance). Council expects to extend before expiry. City agenda/ordinance number not retrieved.
add-co-commerce-2026,partial,2026-09-21,six months (to ~2027-03),"data center; development plans, zoning applications and amendments",not found,active (adoption stage uncertain),https://www.westword.com/news/colorado-data-center-moratoriums-growing-commerce-city-40938030/|https://businessden.com/two-more-cities-pass-moratoriums-on-new-data-centers/|https://rockymountainvoice.com/2026/09/22/commerce-city-weighs-six-month-pause-on-data-center-development/|https://www.denver7.com/news/local-news/another-colorado-city-is-considering-a-pause-on-data-center-development,secondary,"Vote 7-1 on 2026-09-21 confirmed (Westword, BusinessDen). Scope is development plans/zoning applications, not only 'new applications'.","Westword says the item passed without discussion; an earlier CitizenPortal summary said the ordinance would take effect on second reading expected in October, so 2026-09-21 may have been first reading. Effective date and expiry unverified; no city primary document retrieved."
add-ca-palmsprings-2026-ext,partial,2026-09-30,extension 22 months 15 days (to 2028-08-25),data center; new applications and permits,not found,extended,https://thepalmspringspost.com/palm-springs-extends-data-center-moratorium-to-2028/|https://kesq.com/news/2026/09/30/palm-springs-city-council-approves-extending-data-center-moratorium/,secondary,"None; KESQ reports unanimous vote (we said four-fifths, both consistent).","Original urgency ordinance 2026-08-26, was to expire 2026-10-10. Extension ordinance number not retrieved (city site 403)."
add-me-bangor-2026-ext,yes,2026-09-28,180 days from adoption (to ~2027-03-27),"data center incl. cryptocurrency mining, AI facilities, server farms; all applications/permits for establishment, construction, expansion or operation",Ordinance 26-270,extended,https://www.bangormaine.gov/AgendaCenter/ViewFile/Agenda/_09282026-931|https://www.bangormaine.gov/AgendaCenter/ViewFile/Agenda/_09142026-914|https://www.wabi.tv/2026/09/29/bangor-city-council-votes-extend-data-center-moratorium/,primary,"Add instrument Ordinance 26-270 (first reading 2026-09-14, passed 8-0 2026-09-28); end date computable: earlier of new LDC amendments or 180 days after adoption = 2027-03-27; sectors include crypto mining.","Ordinance text in 2026-09-28 council packet: emergency under 30-A MRSA 4356(1)(B), effective immediately. Original Ordinance 26-138 (2026-04-13)."
