id,jurisdiction_name,jurisdiction_level,state,county,type,sectors,status,date_adopted,date_expires,duration,summary,source_urls,source_quality,upstream_id,kind,notes
sweep-mi-fairgrove-township-2026,Fairgrove Township,township,MI,Tuscola,temporary moratorium,data center,active,2026-09-21,2027-09-21,1 year,"Township board adopted a one-year moratorium on zoning, site plan, permit and other approvals for data centers, on the planning commission's recommendation.",https://www.tuscolatoday.com/news/fairgrove-township-places-moratorium-on-data-centers/article_434ea64b-0476-49eb-800e-c80d06637877.html,secondary,,new,Instrument number not published; expiry computed.
sweep-oh-delphos-2026,Delphos,city,OH,Allen; Van Wert,temporary moratorium,data center; renewable energy,active,2026-10-05,2028-04-05,18 months,City council approved an 18-month moratorium on data centers and renewable energy projects pending state legislative action.,https://www.hometownstations.com/2026/10/06/delphos-city-council-approves-18-month-data-center-moratorium/,secondary,,new,Vote count and ordinance number not in article; Delphos straddles Allen and Van Wert counties; expiry computed.
sweep-in-owen-county-2026,Owen County,county,IN,Owen,temporary moratorium,data center; rezonings for data center use,active,2026-09-22,2027-09-22,1 year,"Commissioners unanimously approved a one-year moratorium on data center development, including rezonings intended for data centers, while the plan commission drafts rules.",https://www.ipm.org/news/2026-09-23/owen-county-approves-one-year-moratorium-on-data-centers,secondary,in-owen-county-undated,correction,Upstream lists as pending. IPM (published 2026-09-23) says 'Tuesday evening' = 2026-09-22.
sweep-in-spencer-2026,Spencer,town,IN,Owen,temporary moratorium,data center,active,2026-09-21,,,Town reportedly approved a data center moratorium similar to Owen County's the night before the county vote.,https://www.ipm.org/news/2026-09-23/owen-county-approves-one-year-moratorium-on-data-centers,secondary,,new,Only a passing mention by Owen County commissioners in IPM; term and instrument unconfirmed. Needs a town source.
sweep-in-gosport-2026,Gosport,town,IN,Owen,temporary moratorium,data center,pending,,,,Town reported to be considering a data center moratorium (per Owen County commissioners).,https://www.ipm.org/news/2026-09-23/owen-county-approves-one-year-moratorium-on-data-centers,secondary,,new,Passing mention only; no vote date found.
sweep-ia-marshall-county-2026,Marshall County,county,IA,Marshall,temporary moratorium,data center; AI computing; data mining; crypto mining; unincorporated county,active,2026-09-23,2027-03-23,6 months,"Supervisors voted 3-0 for a six-month moratorium on applications for data centers, AI computing, data mining and crypto mining facilities in unincorporated areas.",https://www.timesrepublican.com/news/todays-news/2026/09/supervisors-ok-six-month-data-center-moratorium-resolution/,secondary,ia-marshall-county-undated,correction,Upstream pending; adopted by resolution (number not published). Can be shortened or extended.
sweep-mn-woodbury-2026,Woodbury,city,MN,Washington,temporary moratorium,data center; expansions; large water/sewer users,active,2026-09-23,2027-09-23,up to 1 year,"City council adopted an interim ordinance pausing data center applications, expansions, related rezonings, CUPs and variances, and the largest water/sewer users, for up to a year.",https://woodburynewsnet.org/8110/business/woodbury-approves-data-center-moratorium-after-questions-about-water-power/,secondary,mn-woodbury-undated,correction,Upstream pending; ordinance number not given. Effective on publication.
sweep-ny-buffalo-2026,Buffalo,city,NY,Erie,temporary moratorium,data center; cryptocurrency facilities,pending,,,2 years (proposed),Common Council approved a resolution backing a two-year pause and creating a nine-member task force; the enabling local law has not yet been voted.,https://spectrumlocalnews.com/nys/buffalo/news/2026/09/30/buffalo-data-center-moratorium|https://www.audacy.com/wben/news/local/why-buffalo-has-a-two-year-data-center-moratorium,secondary,ny-buffalo-undated,correction,Status update only: resolution approved 2026-09-29; local law expected in October. Still not in effect.
sweep-md-anne-arundel-county-2026,Anne Arundel County,county,MD,Anne Arundel,temporary moratorium,data center; new development,active,2026-10-05,2028-01-31,to 2028-01-31 or comprehensive legislation,"County Council voted 7-0 for amended Bill 63-26, pausing new data center development until 2028-01-31 or adoption of comprehensive rules; projects in process may continue.",https://www.wmar2news.com/news/region/anne-arundel-county/anne-arundel-county-approves-moratorium-on-new-data-centers-through-2028,secondary,md-anne-arundel-county-undated,correction,"Upstream pending. WMAR says 'Monday night' without a date; aggregators dated it 2026-10-05/06, so 2026-10-05 (first-Monday council meeting). Executive signature not reported."
sweep-me-old-town-2026,Old Town,city,ME,Penobscot,temporary moratorium,data center; industrial zones,active,2026-10-05,2027-03-08,6 months,"City council unanimously adopted a six-month data center moratorium in industrial zones, retroactive to 2026-09-08; may be extended to June 2027.",https://www.bangordailynews.com/2026/10/05/bangor/bangor-government/old-town-passes-data-center-ban/|https://www.bangordailynews.com/2026/09/08/bangor/bangor-government/old-town-data-center-ban/,secondary,,new,Retroactive date 2026-09-08; expiry approximate (article: March 2027).
sweep-me-dover-foxcroft-2026,Dover-Foxcroft,town,ME,Piscataquis,temporary moratorium,data center; crypto mining; AI processing,active,2026-09-28,2027-03-27,180 days,"Select Board adopted a 180-day moratorium on facilities primarily storing or processing digital data, including server farms, crypto mining and AI facilities.",https://observer-me.com/2026/09/30/featured/dover-foxcroft-temporarily-pauses-data-centers/,secondary,me-dover-foxcroft-undated,correction,Upstream pending. Article (2026-09-30) says 'Monday evening' = 2026-09-28. Expiry computed.
sweep-me-paris-2026,Paris,town,ME,Oxford,temporary moratorium,data center,active,2026-09-28,2027-03-27,180 days,Select Board unanimously approved a 180-day data center moratorium and directed the planning board to draft a permanent prohibition for a town vote.,https://www.yahoo.com/news/articles/paris-select-board-puts-data-163153991.html,secondary,,new,Expiry computed; ordinance text not located.
sweep-me-saco-2026,Saco,city,ME,York,temporary moratorium,data center,extended,2026-08,2026-11-28,61 days + 60-day extension,"City council extended its August 2026 temporary data center moratorium by 60 days, to 2026-11-28, while staff draft regulations.",https://www.pressherald.com/2026/09/29/saco-extends-temporary-data-center-ban-by-another-2-months/,secondary,,new,Not in upstream at all. Extension vote 2026-09-28 (article 'Monday'); original adoption date in August not pinned.
sweep-me-bucksport-2026,Bucksport,town,ME,Hancock,temporary moratorium,commercial data center,pending,,,180 days (proposed),Town council advanced a proposed 180-day moratorium on commercial data centers to second reading and public hearing on 2026-10-08.,https://www.wabi.tv/2026/10/02/bucksport-town-council-advances-proposed-180-day-moratorium-commercial-data-centers/,secondary,,new,First reading 2026-09-24.
sweep-me-buxton-2026,Buxton,town,ME,York,temporary moratorium,data center; AI facilities,pending,,,180 days (proposed),Select Board is sending a 180-day data center moratorium to a special town meeting (Oct 7 or 14).,https://www.pressherald.com/2026/09/29/buxton-voters-will-decide-temporary-data-center-ban/,secondary,,new,Town meeting date not fixed at publication.
sweep-ma-leominster-2026,Leominster,city,MA,Worcester,temporary moratorium,data center; battery energy storage,active,2026-09-28,2027-07-31,to 2027-07-31,City council voted 8-0 for temporary moratoriums on data centers and battery storage through 2027-07-31; two approved battery projects unaffected.,https://www.yahoo.com/news/us/articles/leominster-puts-pause-battery-data-135858401.html,secondary,ma-leominster-undated,correction,Upstream pending.
sweep-ma-ayer-2026,Ayer,town,MA,Middlesex,temporary moratorium,data center,pending,,,,Data center moratorium zoning bylaw presented to Select Board for the 2026-10-26 Fall Special Town Meeting; a crypto-machine prohibition article is also proposed.,https://www.ayer.ma.us/AgendaCenter/ViewFile/Agenda/_09152026-695,primary,,new,Agenda only (2026-09-15); term not stated.
sweep-ma-spencer-2026,Spencer,town,MA,Worcester,temporary moratorium,data center,pending,,,,Select Board voted unanimously to ask the planning board to pursue a data center moratorium for fall town meeting.,https://thecitizenchronicle.substack.com/p/spencer-select-board-backs-push-for,secondary,,new,Select Board vote early September 2026 (article 2026-09-08).
sweep-ny-plattsburgh-2026,Plattsburgh,city,NY,Clinton,temporary moratorium,crypto mining; AI data center (>=300 kW high-energy computing),pending,,,12 months (proposed),"City held a public hearing on a 12-month land-use moratorium on high-energy computing facilities (crypto mining, AI data centers); council vote expected 2026-09-17.",https://cointelegraph.com/news/new-york-plattsburgh-crypto-mining-ai-ban,secondary,,new,Outcome of the expected 2026-09-17 vote not found; needs Press-Republican or city minutes.
sweep-ny-ilion-2026,Ilion,village,NY,Herkimer,temporary moratorium,data center,pending,,,,Village board tabled a vote on a proposed data center moratorium local law on 2026-09-29 after residents asked for revisions.,https://spectrumlocalnews.com/nys/central-ny/politics/2026/09/29/ilion-data-center-moratorium-vote-tabled,secondary,,new,No return date set.
sweep-il-chicago-2026,Chicago,city,IL,Cook,temporary moratorium,data center,pending,,,12 months (proposed),Mayor Brandon Johnson proposed a year-long moratorium on new data centers.,https://blockclubchicago.org/2026/09/23/year-long-ban-on-new-data-centers-pitched-by-chicago-mayor-brandon-johnson/,snippet_only,,new,Source rate-limited (HTTP 429); details from tracker summary (savrn) only. Re-read before filing.
sweep-il-evanston-2026,Evanston,city,IL,Cook,temporary moratorium,data center; zoning approvals and incentives,pending,,,1 year (proposed),Councilmember Krissie Harris and four co-sponsors proposed a one-year moratorium on data center zoning approvals and incentives; goes to Referrals Committee 2026-10-12.,https://evanstonroundtable.com/2026/10/04/evanston-data-center-moratorium/,secondary,,new,Codifies a staff-determined de facto moratorium (1265 Hartrey Ave).
sweep-il-mchenry-county-2026,McHenry County,county,IL,McHenry,temporary moratorium,data center; unincorporated county,pending,,,12 months (proposed),County committee reviewed a proposed 12-month freeze on data center applications in unincorporated areas; full board vote expected November 2026.,https://hoodline.com/2026/10/mchenry-county-weighs-12-month-data-center-freeze-amid-water-fears/,secondary,,new,Committee meeting date given inconsistently (early Oct 2026); based on Shaw Local reporting.
sweep-va-front-royal-2026-ext,Front Royal,town,VA,Warren,temporary moratorium,data center; land-use applications,extended,2026-07-06,2026-12-03,90 days + 60-day extension,Town council voted 6-0 to extend its data center land-use application moratorium by 60 days while drafting a permanent prohibition.,https://www.nvdaily.com/nvdaily/moratorium-extended-on-data-center-applications/article_70296165-36fc-57e3-b87e-563cbba64a59.html,secondary,va-front-royal-2026,extension,Extension vote 2026-09-28 (article 'Monday'). New expiry: article says about 2026-11-28; 90 days from 07-06 plus 60 = ~2026-12-03. Confirm.
sweep-mi-kalamazoo-2026-ord,Kalamazoo,city,MI,Kalamazoo,temporary moratorium,data center; battery storage; crypto mining; AI data center,replaced,2026-10-05,2027-10-05,1 year,"City commission unanimously adopted a zoning ordinance amendment writing its August moratorium into code, running to 2027-10-05.",https://watershedvoice.com/2026/10/06/kalamazoo-officially-has-a-data-center-moratorium/|https://wkzo.com/2026/10/05/976615/,secondary,mi-kalamazoo-2026,replacement,Replaces the 2026-08-17 resolution (exp 2027-08-16). Effective 10 days after adoption. Status 'replaced' refers to the upstream resolution; the new ordinance is active.
sweep-wi-de-pere-2026,De Pere,city,WI,Brown,temporary moratorium,data center; large-scale,pending,,,1 year (proposed),Plan commission approved a proposed one-year moratorium on large-scale data centers; needs common council approval.,https://spectrumnews1.com/wi/milwaukee/news/2026/09/29/de-pere-milwaukee-data-center-moratoriums,secondary,,new,Plan commission 2026-09-28.
sweep-wi-milwaukee-2026,Milwaukee,city,WI,Milwaukee,temporary moratorium,data center; large-scale,pending,,,1 year (proposed),City Plan Commission approved the proposed one-year data center moratorium on 2026-09-28; awaits Common Council.,https://spectrumnews1.com/wi/milwaukee/news/2026/09/29/de-pere-milwaukee-data-center-moratoriums,secondary,wi-milwaukee-undated,correction,Status update only: still pending.
sweep-wi-eau-claire-county-2026,Eau Claire County,county,WI,Eau Claire,temporary moratorium,data center; county-zoned areas,pending,,,,Committee on Administration voted unanimously on 2026-09-08 to draft a moratorium resolution for county-zoned areas; board vote expected in October.,https://www.yahoo.com/news/us/articles/eau-claire-county-enact-moratorium-035900375.html,secondary,,new,Term not set.
sweep-wi-wisconsin-rapids-2026,Wisconsin Rapids,city,WI,Wood,temporary moratorium,data center; rezonings and land divisions,pending,,,up to 12 months (proposed),City scheduled a 2026-10-05 public hearing on a moratorium of up to 12 months on rezonings and land divisions enabling data centers.,https://www.yahoo.com/news/us/articles/wisconsin-rapids-schedules-public-hearing-192158075.html,secondary,,new,Outcome of hearing/council vote not found.
sweep-wi-bloomer-town-2026,Town of Bloomer,town,WI,Chippewa,temporary moratorium,data center,pending,,,,Town board to hold a 2026-10-07 hearing and act on a planning commission recommendation for a data center moratorium.,https://www.weau.com/2026/10/03/town-bloomer-hold-public-hearing-about-data-centers/,secondary,,new,Outcome not yet reported.
sweep-in-evansville-2026,Evansville,city,IN,Vanderburgh,temporary moratorium,data center; applications and permits,pending,,,180 days (proposed),"City council scheduled a 2026-10-05 vote on Ordinance G-2026-18, a 180-day freeze on data center applications effective on passage.",https://www.hoosierenquirer.com/post/evansville-votes-monday-on-180-day-data-center-freeze-permits-would-stop-the-same-night,secondary,,new,Vote outcome not confirmed. Vanderburgh County's own August 2026 moratorium is also absent upstream.
sweep-ct-new-haven-2026,New Haven,city,CT,New Haven,temporary moratorium,data center; quantum/life-science research exempt,active,2026-09-22,2027-09-22,12 months,"Board of Alders unanimously approved a 12-month moratorium on new data centers, exempting research facilities tied to the quantum and life sciences cluster.",https://www.newhavenindependent.org/2026/09/23/12-month-pause-approved-for-data-center-development/,snippet_only,ct-new-haven-undated,correction,Upstream dates adoption 2026-09-08 (moderate confidence); tracker cites this NHI article for a 2026-09-22 final vote. Article rate-limited (429) - re-read before filing.
sweep-ca-oakland-2026,Oakland,city,CA,Alameda,temporary moratorium,data center,active,2026-10-06,2026-11-20,45 days,City council voted 7-0 for a 45-day urgency moratorium on new data center approvals citywide; extendable under Gov. Code 65858.,https://oaklandside.org/2026/10/07/oakland-data-center-moratorium-approved/|https://www.ktvu.com/news/oakland-city-council-approves-45-day-moratorium-new-data-centers|https://oaklandside.org/2026/09/23/oakland-data-center-moratorium-committee-appoval/,secondary,,new,"Committee approved 2026-09-23; legislation sponsored by CM Carroll Fife. Oaklandside summary said 'Tuesday, October 7' but Tuesday is 2026-10-06 (KTVU/CBS SF same night). Ordinance number not found."
sweep-ca-sanfrancisco-2026,San Francisco,city,CA,San Francisco,temporary moratorium,data center; new permits and expansions,active,2026-10-06,2026-11-20,45 days,Board of Supervisors unanimously adopted a 45-day urgency interim moratorium on new data center approvals and expansions; extendable up to ~22 months.,https://missionlocal.org/2026/10/sf-supervisors-pass-data-center-moratorium/|https://sfstandard.com/2026/10/06/data-center-moratorium-san-francisco/|https://www.kron4.com/news/bay-area/san-francisco-approves-45-day-moratorium-on-new-data-centers/,secondary,ca-san-francisco-undated,correction,Upstream lists as pending. Sponsor Sup. Walton; Mission Local gives file no. 16045682 (verify on Legistar). Planning to report within 25 days.
sweep-nc-beaufort-county-2026,Beaufort County,county,NC,Beaufort,temporary moratorium,data center,active,2026-10-05,2027-10-05,1 year,"Commissioners voted 6-1 for a one-year moratorium; county will not accept, process or approve data center applications or permits while it drafts a zoning ordinance.",https://www.witn.com/2026/10/05/beaufort-county-commissioners-voted-1-year-pause-data-center-development/|https://www.publicradioeast.org/2026-10-07/beaufort-county-approves-one-year-moratorium-on-data-center-developments|https://www.wnct.com/news/beaufort-county-commissioners-pass-moratorium-on-data-centers/,secondary,nc-beaufort-county-undated,correction,Upstream pending. Vote at the 2026-10-05 (Monday) hearing; PRE story dated 10-07. Dissent: Hood Richardson. Instrument number not found.
sweep-nc-raleigh-2026,Raleigh,city,NC,Wake,temporary moratorium,"data center; major (>=10,000 sq ft and >5 MW per CBS17)",active,2026-10-06,2027-04-06,6 months,City council voted 7-1 for a six-month moratorium on major data center applications while new rules are drafted; final council action projected 2027-04-06.,https://doraleigh.com/2026/10/07/raleigh-city-council-recap-october-6-2026/|https://www.cbs17.com/news/local-news/wake-county-news/raleigh-city-council-approves-6-month-moratorium-on-large-data-centers/|https://www.axios.com/local/raleigh/2026/10/07/raleigh-data-centers-six-month-moratorium-ai-zoning,secondary,nc-city-of-raleigh-undated,correction,Upstream pending. Dissent: Christina Jones (wanted longer). Threshold from CBS17 snippet only; doraleigh says 'major data center applications'. Ordinance number not found.
sweep-tn-memphis-2026,Memphis,city,TN,Shelby,temporary moratorium,data center; large-scale,pending,,,12 months (proposed),Third and final reading of the amended 12-month moratorium was postponed 7-5 on 2026-10-06 after protests; vote reset to 2026-10-20.,https://www.wsmv.com/2026/10/06/data-center-moratorium-vote-ends-abruptly-amid-protests-fistfight/|https://www.wcax.com/2026/10/07/data-center-moratorium-vote-postponed-after-fight-protests/|https://www.actionnews5.com/2026/09/25/city-leaders-break-down-revised-data-center-moratorium-ahead-final-vote/,secondary,tn-memphis-undated,correction,Status stays pending; updates upstream's 'final vote set for 2026-10-06'. Amended terms: 12 months or until study committee report/regulations; applications accepted but not processed; existing non-expanding centers exempt.
sweep-tx-brownsville-2026,Brownsville,city,TX,Cameron,temporary moratorium,data center; high-intensity data processing facilities,pending,,,90 days (proposed; second 90 days expected),Third public hearing and first reading 2026-10-07; final reading set 2026-11-04 (3/4 vote). Proposed 90-day moratorium 2026-11-05 to 2027-02-03 in city and ETJ.,https://texasborderbusiness.com/brownsville-city-commissions-second-public-hearing-regarding-data-center-moratorium/,secondary,tx-brownsville-undated,correction,"Status stays pending; adds schedule. Hearings 2026-09-01, 2026-10-01, 2026-10-07. Outcome of 10-07 first reading not confirmed."
sweep-ca-imperial-county-2026,Imperial County,county,CA,Imperial,temporary moratorium,data center; unincorporated county,active,2026-10-06,2026-11-20,45 days,"Supervisors voted 5-0 to set aside court-invalidated Ordinances 1616/1618 and adopt Ordinance 1620, a new 45-day interim urgency moratorium on data center approvals in unincorporated areas.",https://calexicochronicle.com/2026/10/07/county-board-adopts-second-45-day-data-center-moratorium|https://www.ivpressonline.com/news/new-data-center-moratorium-replaces-the-old-possible-ballot-measure-on-the-horizon/article_b0dbd070-d4b3-4430-9ef8-21ab17d55fda.html,secondary,ca-imperial-county-2026,replacement,"Upstream row: rescinded by court writ 2026-09-11. New ordinance has new findings (Colorado River cuts, court-ordered EIR). Ballot measure discussed, not acted on."
sweep-co-brighton-2026,Brighton,city,CO,Adams,temporary moratorium,data center,active,2026-10-06,2027-10-06,1 year,City council unanimously approved a one-year moratorium on new data center development; lengthened from a proposed six months.,https://www.cpr.org/2026/10/07/brighton-approves-data-center-moratorium/,secondary,,new,Developer of a 2.5M sq ft campus at the Brighton-Lochbuie line withdrew its zoning application before the vote. Ordinance number not found; single source.
sweep-ok-cheyenne-arapaho-2026,Cheyenne and Arapaho Tribes,tribal,OK,,temporary moratorium,data center; tribal lands,active,2026-10-03,2029-10-03,3 years,Tribal citizens voted 261-83 (7 abstentions) in a referendum for a three-year moratorium on data center construction on tribal lands.,https://www.news9.com/oklahoma-city-news/oklahoma-cheyenne-arapaho-data-center-moratorium,secondary,,new,"Article says vote held 'Saturday'; Saturday before the 2026-10-05 report is 2026-10-03 (Strisker digest said Oct 1, a Thursday; News9 summary said Oct 6). Date approximate. Gov. Reggie Wassana statement supportive. Footprint spans multiple western OK counties."
sweep-co-moffat-county-2026,Moffat County,county,CO,Moffat,temporary moratorium,data center; unincorporated county,pending,,,6 or 12 months (proposed),"Commissioners tabled a proposed moratorium on accepting, processing or approving data center applications on 2026-09-08 to gather public input; revisit set for 2026-10-13.",https://www.craigdailypress.com/news/moffat-county-commissioners-delay-decision-on-data-center-moratorium-in-order-to-seek-public-input/,secondary,,new,Planning Commission recommended limiting to 6 months. Proposed in window; no adoption yet.
sweep-nc-davidson-county-2026,Davidson County,county,NC,Davidson,temporary moratorium,data center,pending,,,4 months (proposed),Commissioners voted 4-2 on 2026-09-28 to bring back a proposed four-month moratorium; hearing set 2026-10-26 after a 3-3 deadlock in August.,https://www.wfdd.org/politics-government/2026-09-29/davidson-commissioners-remain-divided-on-data-centers-but-will-revisit-potential-moratorium,secondary,,new,Chair Karen Watford opposed. Strisker labelled this 'Davidson County TN' in error; it is Davidson County NC.
sweep-ca-fresno-2026,Fresno,city,CA,Fresno,temporary moratorium,data center,pending,,,10 years (proposed),Council voted unanimously 2026-09-03 to direct staff to draft a text amendment prohibiting data centers for 10 years in current and future city land.,https://sjvsun.com/uncategorized/fresno-takes-steps-to-ban-data-centers-for-10-years/,secondary,,new,Described as both 'ban' and 'moratorium'; a 10-year term may fit 'ban' better. Staff estimate months to a year to draft.
sweep-az-pima-county-2026,Pima County,county,AZ,Pima,temporary moratorium,data center; new permits,active,2026-09-22,2027-01-20,120 days,Supervisors voted 3-2 on 2026-09-22 to implement a 120-day moratorium on new data center permits until a zoning code text is written; Project Blue exempt.,https://news.azpm.org/p/news-articles/2026/9/23/231316-board-of-supervisors-approves-temporary-data-center-moratorium/,secondary,az-pima-county-2026,correction,Upstream dates adoption 2026-08-11 (end ~2026-12-09). AZPM (2026-09-23) says the August 3-2 vote was to draft the moratorium and the resolution was adopted 'last night' (2026-09-22). End date shifts to ~2027-01-20. Check BOS minutes.
sweep-ca-indio-2026-ext,Indio,city,CA,Riverside,temporary moratorium,data center; high-intensity computing,pending,2026-06-03,2027-10-16,extension to 2027-10-16 (proposed),Council to consider (4/5 vote) a final extension of the urgency moratorium from 2026-10-16 to 2027-10-16 to draft permanent amendments.,https://www.nbcpalmsprings.com/local-and-community/2026/10/07/indio-city-council-to-consider-extending-data-center-moratorium-through-2027,secondary,ca-indio-2026,extension,"Meeting date unclear: article (dated 10-07) says 'Wednesday, October 16, 2026', but Oct 16 is a Friday; likely the 2026-10-07 meeting. Outcome not found."
sweep-nc-charlotte-2026-ext,Charlotte,city,NC,Mecklenburg,temporary moratorium,data center,pending,2026-06-08,,extension (proposed ~9-11 months),Council voted 2026-09-28 to set a 2026-10-12 public hearing on extending the moratorium that expires 2026-11-05.,https://thelightnc.com/12363006/charlotte-city-council-sets-oct-12-hearing-on-data-center-moratorium-extension/|https://www.wfae.org/2026-09-08/charlotte-could-extend-data-center-moratorium,secondary,nc-charlotte-2026,extension,Proposed length reported as nine months (committee) or 11 months to 2027-10-11 (Yahoo snippet); not settled.
sweep-ga-hogansville-2026-ext,Hogansville,city,GA,Troup,temporary moratorium,data center,extended,,2026-12-07,90-day extension,Council voted 4-0 on 2026-09-08 to extend the data center moratorium by 90 days.,https://citizenportal.ai/articles/10182508/Georgia/Troup-County/Hogansville/Hogansville-council-extends-data-center-moratorium-for-90-days,snippet_only,ga-hogansville-2026,extension,"Before the 09-20 window, but upstream (current to 09-23) says Sept 8 action 'not found'. Source returned 403; search snippet only. End date computed as 2026-09-08 + 90 days."
sweep-ky-scott-county-2026-ext,Scott County,county,KY,Scott,temporary moratorium,data center,extended,2026-09-24,2027-03-31,extended to March 2027,Fiscal Court extended its data center moratorium to March 2027 while the joint planning commission drafts regulations.,https://www.wkyt.com/2026/09/25/scott-county-extends-data-center-moratorium-until-march/,secondary,ky-scott-county-2026,extension,"date_adopted is the extension vote (article dated 09-25); exact March end day not stated - 2027-03-31 is a placeholder, VERIFY. Found during Job 1 Georgetown check."
