id,jurisdiction_name,jurisdiction_level,state,service_area_counties,type,sectors,status,date_adopted,date_expires,duration,summary,source_urls,source_quality,in_upstream,notes
add-wa-douglaspud-2019,Douglas County PUD (PUD No. 1 of Douglas County),utility,WA,Douglas,temporary moratorium,data center; crypto mining,lifted,2019-05-13,2020-01-27,~8 months,PUD commission halted new power contracts with data centers and crypto miners (non-diverse loads) to review rates; ended when new data center/crypto rates were adopted Jan 2020.,https://www.wenatcheeworld.com/business/douglas-pud-puts-moratorium-on-new-data-centers-crypto-miners/article_6872aeec-78df-11e9-8c8b-b752987751bc.html|https://kpq.com/douglas-pud-commissioners-adopt-data-center-cryptocurrency-rate-increases/|https://www.govtech.com/policy/washington-public-utility-raises-rates-on-cryptominers.html,secondary,false,End date = 2020-01-27 commission rate adoption; GovTech/Wenatchee World describe it as ending the eight-month moratorium. Board resolution not retrieved.
add-wa-douglaspud-2014,Douglas County PUD (PUD No. 1 of Douglas County),utility,WA,Douglas,temporary moratorium,crypto mining,expired,2014,2014,3 months,Three-month moratorium on new bitcoin/data-mining loads while the PUD set terms; followed by a rate/contract structure for loads of 1.5 MW or more.,https://tricitiesbusinessnews.com/2018/07/bitcoin|https://mrsc.org/stay-informed/mrsc-insight/may-2018/bitcoin-comes-to-washington,secondary,false,Month not found; both sources are 2018 retrospectives. Sector described as data mining (bitcoin).
add-wa-chelanpud-2018,Chelan County PUD (PUD No. 1 of Chelan County),utility,WA,Chelan,temporary moratorium,crypto mining; large load,replaced,2018-03-19,,~9 months (extended several times),"Emergency moratorium on accepting or processing applications for new or increased cryptocurrency/high-density loads; extended May 2018, to Aug 6, Aug 20 and beyond while crypto rates were set.",https://kpq.com/chelan-pud-extends-crypto-moratorium/|https://www.heraldnet.com/2018/04/03/chelan-county-pud-to-enforce-rogue-bitcoin-moratorium/|https://www.govtech.com/policy/washington-utility-will-uphold-its-cryptocurrency-mining-moratorium.html|https://mrsc.org/stay-informed/mrsc-insight/may-2018/bitcoin-comes-to-washington,secondary,false,End date unverified: rate approval was slated for 2018-12-03 effective April 2019 (search snippet); chelanpud.org pages returned 403. MRSC notes the moratorium applied to service over 5 MW.
add-wa-chelanpud-2014,Chelan County PUD (PUD No. 1 of Chelan County),utility,WA,Chelan,temporary moratorium,crypto mining,lifted,2014,2017-01,~2-3 years,"First Chelan PUD moratorium on new cryptocurrency loads, 2014 to January 2017; 22 crypto applications were approved when it ended.",https://tricitiesbusinessnews.com/2018/07/bitcoin,secondary,false,Single secondary source; start month unknown.
add-wa-grantpud-2017,Grant County PUD,utility,WA,Grant,service pause,crypto mining; large load,replaced,2017-11,2019-04-01,,"PUD put about 125 new (mostly crypto) service requests on hold in 2017; replaced by a two-queue process and above-cost Rate 17 for evolving industries (adopted 2018-08-28, effective 2019-04-01).",https://tricitiesbusinessnews.com/2018/07/bitcoin|https://mrsc.org/stay-informed/mrsc-insight/may-2018/bitcoin-comes-to-washington|https://capitalpress.com/2018/08/30/utility-district-raises-cryptocurrency-power-rates/,secondary,false,"Start date conflicts: MRSC says Nov 2017 'shelved all new service requests'; Tri-Cities Business News says applications put on hold 'last summer' (2017). Grant PUD's own June 2018 recap mentions no moratorium, so treat as an informal hold. End date = Rate 17 effective date."
add-wa-grantpud-2025,Grant County PUD,utility,WA,Grant,service pause,data center; large load,active,2025-03,,until transmission upgrades (lines due 2027 and 2029),Interim load-growth caps on data center customers (Quincy industrial area) because demand exceeds transmission/distribution capacity; other customer classes may still grow.,https://www.govtech.com/artificial-intelligence/grant-county-wash-utility-to-cap-data-center-electricity|https://www.newsdata.com/clearing_up/supply_and_demand/grant-county-pud-puts-load-caps-on-data-centers-to-slow-growth-until-transmission-expansion/article_52b44501-c5f9-4b24-953a-746049ef800a.html|https://www.ncwlife.com/news/grant-county-pud-to-impose-load-growth-limits-for-data-center-customers/article_4e1a6748-ad00-4f96-923f-7a23fa9cc20a.html,secondary,false,"A cap on growth, not a halt on applications: the queue stayed open (75 applications later reported by APPA). Clearing Up dates the cap to 2025-04-01. Borderline for inclusion; listed because it limits new data center load."
add-wa-franklinpud-2018,Franklin PUD,utility,WA,Franklin,temporary moratorium,crypto mining; data center,expired,2018-07,,,Commissioners stopped accepting applications for crypto mining/blockchain loads to study system impacts and a new rate structure; existing licensed operations unaffected.,https://www.seattletimes.com/business/franklin-pud-stops-accepting-applications-for-cryptocurrency-mining/|https://www.coindesk.com/markets/2018/07/31/another-us-county-hits-pause-on-crypto-mining-power-requests/|https://blocktribune.com/washingtons-franklin-county-halts-crypto-mining-applications/,secondary,false,Adopted the last week of July 2018. End date and status not found; 'expired' is assumed and needs checking. Search snippets say data centers were covered too.
add-wa-okanoganpud-2018,Okanogan County PUD,utility,WA,Okanogan,temporary moratorium,crypto mining; large load,expired,2018-03-05,,"60 days, renewable","Moratorium on accepting new service applications with energy use intensity above 250 kWh/sq ft/yr (aimed at crypto mining); hearing set for 2018-04-23, renewable in 60-day steps.",https://www.omakchronicle.com/news/pud-moratorium-aimed-at-cryptocurrency/article_42ed97db-5a59-508f-8902-116128fa5a6f.html,secondary,false,Renewals and end not found; 'expired' is assumed.
add-wa-masonpud3-2018,Mason County PUD No. 3,utility,WA,Mason,temporary moratorium,crypto mining,expired,2018-04,,,"Moratorium on service to new computer/data processing loads for crypto mining, bitcoin or blockchain after a 10 MW request; approved applications exempt.",https://www.coindesk.com/markets/2018/04/13/another-washington-county-puts-freeze-on-bitcoin-mining|https://finance.yahoo.com/news/washington-mason-county-rejects-bitcoin-192514518.html|https://mrsc.org/stay-informed/mrsc-insight/may-2018/bitcoin-comes-to-washington,secondary,false,Announced about 2018-04-11. End not found; 'expired' is assumed.
add-ny-massenaelectric-2021,Massena Electric Department,utility,NY,St. Lawrence,temporary moratorium,crypto mining,expired,2021-07,,,Town-owned Massena Electric set its own moratorium on new cryptocurrency mining customers while it negotiated with three existing prospects; separate from the town's planned 90-day zoning moratorium.,https://www.wwnytv.com/2021/07/22/massena-pumps-breaks-new-cryptocurrency-miners/|https://www.marketplace.org/story/2022/03/11/crypto-miners-came-to-upstate-new-york-for-cheap-energy-some-regret-letting-them-come,secondary,false,"Exact adoption date and end not found; 'expired' is assumed. The Town of Massena zoning moratorium is a separate town-level action, not listed here."
add-ny-plattsburgh-2018,City of Plattsburgh (Municipal Lighting Department),utility,NY,Clinton,temporary moratorium,crypto mining,lifted,2018-03-15,2019-03,18 months (lifted early),City council imposed an 18-month moratorium on new commercial crypto mining because miners were using 10-15% of the municipal utility's low-cost hydropower allocation; lifted about March 2019.,https://www.northcountrypublicradio.org/news/story/35828/20180316/city-of-plattsburgh-says-no-to-new-bitcoin-mining-companies-at-least-for-now|https://www.congress.gov/crs_external_products/R/PDF/R48914/R48914.1.pdf,secondary,false,"An act of the city council (a local law), so it may belong in the city slice; listed here because the rationale was the city-owned electric utility's power allocation. Not in upstream. CRS cites AP 'City Lifts Ban' (2019-03-01). Search results also mention a new 12-month Plattsburgh moratorium proposed in 2026 (unverified; source unreachable)."
add-va-dominion-2022,Dominion Energy Virginia,utility,VA,Loudoun,service pause,data center,lifted,2022-07,2022-09,~2 months (constraints through 2026),Dominion paused new data center connections in eastern Loudoun (Data Center Alley) over transmission limits; resumed incrementally in Sept 2022 with reduced allocations.,https://www.datacenterfrontier.com/energy/article/11436951/dominion-resumes-new-connections-but-loudoun-faces-lengthy-power-constraints|https://www.datacenterdynamics.com/en/news/dominion-to-resume-connecting-new-loudoun-data-centers-but-capacity-still-limited/,secondary,false,"Informal utility pause, not a commission order. Upstream's Loudoun County row (2026-09-16) is a separate county action."
add-oh-aepohio-2023,AEP Ohio,utility,OH,Franklin; Licking; Delaware; Union; Madison,service pause,data center; crypto mining,lifted,2023-03,2025-07,~28 months,AEP Ohio halted new data center/crypto service agreements in central Ohio to study ~30 GW of requests; PUCO's 2025-07-09 data center tariff order required the moratorium to be lifted in phases.,https://www.vorys.com/publication-public-utilities-commission-of-ohio-authorizes-tariff-for-aep-ohios-data-center-customers-requires-end-of-moratorium-on-new-services-for-data-centers|https://www.powermag.com/regulator-approves-aep-ohios-landmark-data-center-tariff/|https://www.utilitydive.com/news/aep-ohio-data-center-crypto-rates-puc/716150/,secondary,false,"County list is approximate (central Ohio data center cluster: Columbus, New Albany, Dublin, Hilliard, Plain City). Lift tied to the effective date of the tariff; AEP filed final tariffs 2025-07-11."
add-az-aps-2024,Arizona Public Service (APS),utility,AZ,Maricopa; Yavapai; Coconino; Navajo; Apache; Yuma; Pinal; Gila; La Paz,service pause,data center,active,2024-01-01,,open-ended,"APS says it has made no commitments to serve new data center customers since Jan 1, 2024, citing grid constraints, especially overnight supply; projects already committed continue.",https://www.kjzz.org/business/2026-09-02/aps-says-it-cant-commit-to-new-data-centers-because-of-electric-grid-constraints,secondary,false,"No formal moratorium order found; this is a de facto halt on new commitments, per the utility's statement to KJZZ (2026-09-02). County list approximate: APS serves 11 of 15 Arizona counties, and data center demand is in Maricopa."
add-de-psc-delmarva-2025,Delaware Public Service Commission (Delmarva Power & Light territory),state_agency,DE,New Castle; Kent; Sussex,interconnection pause,data center; large load,active,2025-09-03,,until a large-load tariff is approved,PSC voted to open a large-load tariff docket and pause interconnection of new loads of 25 MW or more in Delmarva Power territory until a tariff is set; the pause was still in place as of March 2026.,https://depsc.delaware.gov/2025/10/14/delaware-psc-opens-docket-for-large-load-tariff-pauses-interconnections/|https://news.delaware.gov/2025/10/14/delaware-psc-opens-docket-for-large-load-tariff-pauses-interconnections/|https://technical.ly/civics/delaware-large-load-tariff-data-center-costs/,primary,false,Oral vote 2025-09-03; written order at the 2025-10-15 meeting. Delmarva supported the pause. Final tariff decision expected after summer 2026 hearing examiner findings; no lift found as of 2026-10.
add-tx-ercot-2026,Texas Governor / PUCT / ERCOT,state_agency,TX,ERCOT region (most of Texas),interconnection pause,data center; large load,active,2026-08-03,,indefinite; audit targeted for Dec 2026,The Governor directed PUCT and ERCOT to audit every data center in the ~474 GW interconnection queue before approving connections; ERCOT suspended Batch Zero large-load notifications.,https://www.utilitydive.com/news/texas-hits-pause-data-center-interconnections/827046/|https://www.troutman.com/insights/texas-hits-pause-on-data-center-grid-connections-amid-growing-oversight-push/|https://www.texastribune.org/2026/08/03/texas-data-center-project-audit-greg-abbott/,secondary,false,"Instrument: the Governor's 2026-08-03 letter plus an ERCOT market notice (Batch Zero notifications due 2026-08-07 were suspended; good-cause exception sought at the PUCT's 2026-08-20 meeting). A separate Sept 2026 TCEQ permit pause is environmental permitting, not utility service, so it is not listed. Could arguably be type=executive order."
