id,jurisdiction_name,jurisdiction_level,state,county_fips,place_geoid,lat,lon,type,scope,status,date_adopted,date_expires,duration_days,extended,summary,source_urls,upstream_id,last_verified,verify_flag,status_inferred,date_uncertainty,expiry_source,fips_method,geo_qa
add-ga-americus-2026,Americus,city,GA,13261,1302116,32.0771,-84.224588,temporary moratorium,data center,active,2026-09-24,2026-10-24,30,False,City council voted 5-1 for a 30-day moratorium to draft a data center ordinance amendment; aimed at a proposed Liberty Data Centers site.,https://americustimesrecorder.com/2026/09/24/americus-city-council-votes-for-data-center-moratorium/,,2026-10-03,True,False,exact,computed_adopted_plus_duration,point_in_polygon,named_polygon
add-co-mesa-2026,Mesa County,county,CO,08077,,38.933822,-108.584383,temporary moratorium,data center; unincorporated county,active,2026-09-30,2027-09-30,365,False,"Commissioners unanimously approved a one-year halt on accepting, processing and approving data center land-use applications in unincorporated Mesa County.",https://kjct8.com/2026/09/30/mesa-county-approves-one-year-moratorium-data-centers|https://fox21news.com/news/mesa-county-commissioners-approve-data-center-moratorium,,2026-10-03,True,False,exact,computed_adopted_plus_duration,point_in_polygon,named_polygon
add-oh-warren-2026,Warren County,county,OH,39165,,39.424407,-84.165306,temporary moratorium,"data center; hyperscale >=10,000 sq ft; county-zoned areas",active,2026-09-30,2027-03-29,180,False,Commissioners unanimously approved a six-month moratorium on hyperscale data centers in county-controlled areas pending an Ohio EPA/OKI water study.,https://www.journal-news.com/local/warren-county-enacts-6-month-moratorium-on-new-data-centers/article_9b0a7d8f-7ce7-5238-a355-2b1903b14b78.html,,2026-10-03,True,False,range,computed_adopted_plus_duration,point_in_polygon,named_polygon
add-ca-commerce-2026,Commerce,city,CA,06037,0614974,33.996737,-118.14637,temporary moratorium,data center; land-use permits/entitlements,expired,2026-08-11,2026-09-25,45,False,45-day urgency ordinance barring approval of data center land-use permits; extension of up to 10 months 15 days was to be heard. Extension not confirmed.,https://mynewsla.com/government/2026/08/12/city-of-commerce-approves-temporary-ban-on-data-center-development/,,2026-10-03,True,True,exact,computed_adopted_plus_duration,point_in_polygon,named_polygon
add-pa-olyphant-2026,Olyphant,town,PA,42069,4256792,41.444623,-75.568461,temporary moratorium,data center,active,2026-04-15,2026-10-12,180,False,Borough council voted 4-3 for a six-month data center moratorium near the Triboro Industrial Park.,https://www.yahoo.com/news/articles/olyphant-passes-six-month-pause-201800689.html,,2026-10-03,True,False,exact,computed_adopted_plus_duration,point_in_polygon,named_polygon
add-in-zionsville-2026,Zionsville,town,IN,18011,1886372,39.994489,-86.284092,temporary moratorium,data center+solar+wind+battery storage,active,2026-09-21,2027-09-21,365,False,"Town council approved a one-year moratorium on data centers, solar, wind and battery storage while the plan commission reviews zoning.",https://youarecurrent.com/2026/09/22/zionsville-town-council-approves-moratorium-on-data-centers-wind-and-solar-projects/,,2026-10-03,True,False,exact,computed_adopted_plus_duration,point_in_polygon,named_polygon
add-pa-cummings-2026,Cummings Township,township,PA,42081,4208117696,41.331491,-77.340047,temporary moratorium,data center; applications,active,2026-07-14,2027-01-10,180,False,"Supervisors adopted Resolution 07.14.2026.01, a moratorium on data center applications for 180 days to prepare a curative zoning amendment.",https://cummingstownship-pa.com/wp-content/uploads/2026/09/July-14-26-Meeting-Minutes-CTwp.pdf,,2026-10-03,True,False,exact,computed_adopted_plus_duration,point_in_polygon,named_polygon
add-ky-georgetown-2026,Georgetown,city,KY,21209,2130700,38.228036,-84.535112,temporary moratorium,data center,active,2026-07-13,2026-12-31,,False,City council resolution backing a data center moratorium through the end of 2026 while the joint planning commission drafts regulations.,https://www.wkyt.com/2026/07/14/georgetown-city-council-backs-data-center-moratorium/,,2026-10-03,True,False,range,source,point_in_polygon,named_polygon
add-co-thornton-2026,Thornton,city,CO,08001,0877290,39.915929,-104.940365,temporary moratorium,"data center; >50,000 sq ft",active,2026-09-22,2027-09-22,365,False,"City council voted 5-3 for a one-year moratorium on data centers larger than 50,000 square feet.",https://businessden.com/two-more-cities-pass-moratoriums-on-new-data-centers/,,2026-10-03,True,False,range,computed_adopted_plus_duration,point_in_polygon,named_polygon
add-ca-dixon-2026,Dixon,city,CA,06095,0619402,38.456154,-121.830476,temporary moratorium,data center; land-use applications,active,2026-09-30,2026-11-14,45,False,City council unanimously imposed a 45-day moratorium on approving new data center land-use applications at a special meeting.,https://fox40.com/news/local-news/solano-county/dixon-data-center-moratorium,,2026-10-03,True,False,exact,computed_adopted_plus_duration,point_in_polygon,named_polygon
add-co-commerce-2026,Commerce City,city,CO,08001,0816495,39.853033,-104.771982,temporary moratorium,data center; new applications,active,2026-09-21,2027-03-20,180,False,Council voted 7-1 for a six-month pause on accepting new data center applications (upstream lists this as pending).,https://businessden.com/two-more-cities-pass-moratoriums-on-new-data-centers/,co-commerce-city-undated,2026-10-03,True,False,range,computed_adopted_plus_duration,point_in_polygon,named_polygon
add-ca-palmsprings-2026-ext,Palm Springs,city,CA,06065,0655254,33.771799,-116.495126,temporary moratorium,data center; applications and permits,extended,2026-08-26,2028-08-25,,True,"Council extended the 45-day urgency moratorium on 2026-09-30 by 22 months 15 days, to 2028-08-25, by the required four-fifths vote.",https://thepalmspringspost.com/palm-springs-extends-data-center-moratorium-to-2028/|https://kesq.com/news/2026/09/30/palm-springs-city-council-approves-extending-data-center-moratorium/,ca-palm-springs-2026,2026-10-03,True,False,exact,source,point_in_polygon,named_polygon
add-me-bangor-2026-ext,Bangor,city,ME,23019,2302795,44.830214,-68.785462,temporary moratorium,data center,extended,2026-04-13,,,True,Council voted 8-0 on 2026-09-28 to extend the data center moratorium by another 180 days; new end date not published.,https://www.wabi.tv/2026/09/29/bangor-city-council-votes-extend-data-center-moratorium/,me-bangor-2026,2026-10-03,True,False,exact,,point_in_polygon,named_polygon
add-ga-lovejoy-2026,Lovejoy,city,GA,13063,1347616,33.441026,-84.323777,permanent ban,data center; citywide,active,2026-09-29,,,False,City council passed an ordinance prohibiting data centers within city limits after a proposed 3.5M sq ft campus was withdrawn.,https://www.atlantanewsfirst.com/2026/09/29/city-lovejoy-passes-ordinance-banning-data-center-construction/,,2026-10-03,True,False,exact,,point_in_polygon,named_polygon
add-fl-edgewater-2026,Edgewater,city,FL,12127,1219825,28.953942,-80.983459,permanent ban,data center+AI+crypto mining; exemptions noted,active,2026-09-14,,,False,"Council unanimously adopted a permanent prohibition on high-energy data processing facilities (data centers, AI, crypto mining); server rooms exempt.",https://www.hometownnewsvolusia.com/news/local/edgewater-adopts-permanent-ban-on-data-centers/article_9a718778-7bc3-59d8-8062-70a490201810.html|https://www.fox35orlando.com/news/edgewater-approves-ban-ai-data-centers-orange-county-weighs-moratorium,,2026-10-03,True,False,exact,,point_in_polygon,named_polygon
add-fl-escambia-2026,Escambia County,county,FL,12033,,30.639958,-87.327647,permanent ban,data center; large-scale; unincorporated,active,2026-08-07,,,False,Commissioners voted 4-1 to add large-scale data center facilities to land development code prohibitions in unincorporated areas.,https://weartv.com/news/local/escambia-county-commissioners-vote-to-block-large-scale-data-centers-in-unincorporated-areas,,2026-10-03,True,False,exact,,point_in_polygon,named_polygon
add-fl-walton-2026,Walton County,county,FL,12131,,30.631507,-86.152055,permanent ban,data center; large load centers; all districts,active,2026-06-10,,,False,"Commission voted 5-0 for Ordinance 26-1101, an outright prohibition on large load centers, specifically data centers, in all zoning districts.",https://www.wjhg.com/2026/06/10/walton-county-adopts-ordinance-prohibiting-data-large-load-centers/,,2026-10-03,True,False,exact,,point_in_polygon,named_polygon
add-fl-jackson-2026,Jackson County,county,FL,12063,,30.781773,-85.176495,permanent ban,data center; unincorporated,active,2026-06-23,,,False,Board of County Commissioners adopted an ordinance prohibiting data centers and associated facilities in the unincorporated county.,https://www.wctv.tv/2026/06/23/jackson-county-adopts-ordinance-banning-data-centers/,,2026-10-03,True,False,exact,,point_in_polygon,named_polygon
add-fl-wakulla-2026,Wakulla County,county,FL,12129,,30.136273,-84.371986,permanent ban,data center; unincorporated,active,2026-09-21,,,False,Commission unanimously adopted an ordinance prohibiting data centers in all unincorporated zoning districts.,https://fox49.tv/news/local/wakulla-county-bans-data-centers-commissioners-vote-unanimously-to-prohibit-facilities,,2026-10-03,True,False,exact,,point_in_polygon,named_polygon
add-ky-woodford-2026,Woodford County,county,KY,21239,,38.020783,-84.743652,permanent ban,data center+landfill+battery storage,active,2026-09-08,,,False,"Fiscal court unanimously banned data centers, landfills and large battery storage countywide; first permanent data center ban in Kentucky.",https://www.wuky.org/wuky-news/2026-09-14/a-kentucky-county-becomes-first-in-state-to-permanently-ban-data-center-construction,,2026-10-03,True,False,range,,point_in_polygon,named_polygon
add-ca-calexico-2026,Calexico,city,CA,06025,0609710,32.685236,-115.487166,permanent ban,data center; citywide,active,2026-09-16,,,False,"Council voted 3-0 to add Article XII to Chapter 17.11, permanently prohibiting data centers citywide; effective about 2026-10-16.",https://calexicochronicle.com/2026/09/18/calexico-enacts-permanent-data-center-ban/,,2026-10-03,True,False,exact,,point_in_polygon,named_polygon
add-ma-holyoke-2026,Holyoke,city,MA,25013,2530840,42.224114,-72.640332,permanent ban,data center; all districts,active,2026-06-16,,,False,City council banned data centers in every zoning district; signed by the mayor 2026-06-18.,https://www.westernmassnews.com/2026/06/18/holyoke-mayor-signs-data-center-ban-into-law/,,2026-10-03,True,False,exact,,point_in_polygon,named_polygon
add-nj-bayonne-2026,Bayonne,city,NJ,34017,3403580,40.669225,-74.099642,permanent ban,data center; citywide; prior approvals exempt,active,2026-08-12,,,False,Council unanimously adopted on second reading a citywide data center ban; three previously granted approvals are not affected.,https://hudsoncountyview.com/bayonne-council-unanimously-approves-measure-to-ban-data-centers-citywide/,,2026-10-03,True,False,exact,,point_in_polygon,named_polygon
add-nj-phillipsburg-2026,Phillipsburg,town,NJ,34041,3458350,40.688682,-75.181742,permanent ban,data center; all zones,active,2026-04-14,,,False,Town council adopted an ordinance prohibiting data centers in all zones.,https://wrnjradio.com/phillipsburg-council-approves-ordinance-banning-data-centers/,,2026-10-03,True,False,range,,point_in_polygon,named_polygon
add-nj-monroe-2026,Monroe Township,township,NJ,34015,3401547250,39.651798,-74.962831,permanent ban,data center; township-wide,active,2026-04-22,,,False,Township adopted two ordinances banning all data center use township-wide.,https://www.cbsnews.com/philadelphia/news/monroe-gloucester-new-jersey-data-center-ban-law/,,2026-10-03,True,False,exact,,point_in_polygon,named_polygon
add-md-harford-2026,Harford County,county,MD,24025,,39.510055,-76.285466,permanent ban,data center; countywide,active,2026-06-10,,,False,Council unanimously passed Bill 26-011 banning data centers countywide; signed by the County Executive 2026-06-10.,https://www.harfordcountymd.gov/m/newsflash/Home/Detail/1700,,2026-10-03,True,False,exact,,point_in_polygon,named_polygon
add-ne-nehawka-2026,Nehawka,village,NE,31025,3133740,40.828617,-95.989186,permanent ban,data center+crypto mining+supporting power plants,active,2026-08,,,False,"Village adopted an outright ban on data centers, crypto mining, blockchain computing and supporting power plants in its zoning jurisdiction.",https://www.wowt.com/2026/08/27/village-nehawka-votes-ban-data-centers/,,2026-10-03,True,False,month_only,,point_in_polygon,named_polygon
add-nj-madison-2026,Madison,town,NJ,34027,3442510,40.757991,-74.416754,permanent ban,data center; borough-wide,active,2026-06-08,,,False,Borough council unanimously adopted Ordinance 27-2026 prohibiting data centers as a use (Chapter 195).,https://patch.com/new-jersey/madison/data-centers-now-prohibited-madison-after-unanimous-council-vote,,2026-10-03,True,False,range,,point_in_polygon,named_polygon
add-nj-cranford-2026,Cranford,township,NJ,34039,3403915640,40.655625,-74.299715,permanent ban,data center; commercial zones; existing grandfathered,active,2026-07-07,,,False,Township committee unanimously removed data centers as a permitted use in commercial zones; existing facilities grandfathered.,https://patch.com/new-jersey/cranford/cranford-says-no-ai-data-centers-new-zoning-change,,2026-10-03,True,False,range,,point_in_polygon,named_polygon
add-tx-athens-2026,Athens,city,TX,48213,4804504,32.194118,-95.853571,permanent ban,data center; >500 sq ft; server rooms exempt,active,2026-08-24,,,False,City council voted 3-2 to ban data centers (facilities over 500 sq ft housing servers); school/office server rooms exempt.,https://www.kltv.com/2026/08/25/athens-city-council-votes-3-2-favor-ordinance-banning-data-centers/,,2026-10-03,True,False,range,,point_in_polygon,named_polygon
add-nj-mantua-2026,Mantua Township,township,NJ,34015,3401543440,39.756891,-75.166177,permanent ban,data center,active,2026-05,,,False,Township adopted an ordinance banning data centers (notice published 2026-05-11).,https://mantuatownship.com/public-records/mantua-township-adopts-ordinance-banning-data-centers-published-may-11-2026/,,2026-10-03,True,False,month_only,,point_in_polygon,named_polygon
add-ga-palmetto-2026,Palmetto,city,GA,13121,1358884,33.531256,-84.658654,permanent ban,data center; industrial code rewrite,active,2026-02-03,,,False,"Council unanimously approved a rewritten industrial zoning code that writes data centers out of the code, following an earlier moratorium.",https://www.wabe.org/palmetto-city-council-approves-rewritten-industrial-zoning-code-to-ban-exclude-data-centers/,,2026-10-03,True,False,range,,point_in_polygon,named_polygon
add-in-clarksville-2026,Clarksville,town,IN,18019,1812934,38.326274,-85.772668,permanent ban,data center; all districts; routine IT exempt,active,2026-07-14,,,False,Town council updated general and zoning ordinances to prohibit data centers in all districts; routine IT/telecom facilities excluded.,https://www.townofclarksville.com/clarksville-updates-ordinances-to-address-data-centers/,,2026-10-03,True,False,exact,,point_in_polygon,named_polygon
add-vt-southburlington-2026,South Burlington,city,VT,50007,5066175,44.468546,-73.165143,permanent ban,"data center; >20,000 sq ft footprint",active,2026-08,,,False,"City amended its zoning code in early August to bar data centers with footprints over 20,000 sq ft (indefinite).",https://www.sevendaysvt.com/news/constructiondevelopment/absent-state-action-vermont-towns-move-to-block-data-centers/,,2026-10-03,True,False,month_only,,point_in_polygon,named_polygon
add-id-sandpoint-2026,Sandpoint,city,ID,16017,1672100,48.285824,-116.565114,permanent ban,"data center; >5,000 sq ft",active,2026-09-16,,,False,"City council adopted a zoning amendment prohibiting data centers over 5,000 sq ft (researched by Moratorium Nation, excluded there as a permanent ban).",https://bonnercountydailybee.com/news/2026/sep/18/council-approves-data-center-ban/|https://sandpointreader.com/sandpoint-looking-to-ban-data-centers-within-city-limits/,,2026-10-03,True,False,exact,,point_in_polygon,named_polygon
add-ok-cherokeenation-2026,Cherokee Nation (tribal and trust lands),tribal,OK,40021,,35.9154,-94.97,permanent ban,data center; hyperscale; tribally owned and trust land,active,2026-08-07,,,False,Principal Chief Hoskin issued a ban on hyperscale data centers on tribally owned and trust land after a task force report.,https://www.kgou.org/indigenous-news/2026-08-10/cherokee-nation-bans-hyperscale-data-centers-on-tribally-owned-trust-lands,,2026-10-03,True,False,exact,,point_in_polygon,named_polygon
add-nv-pyramidlakepaiutetribe-2026,Pyramid Lake Paiute Tribe,tribal,NV,32031,,39.8302,-119.3605,permanent ban,data center; tribal homelands,active,2026-08-21,,,False,Tribal council passed a permanent moratorium on data centers within Pyramid Lake Paiute homelands.,https://www.kunr.org/energy-and-environment/2026-09-02/northern-nevada-tribes-speak-out-against-data-centers,,2026-10-03,True,False,exact,,point_in_polygon,named_polygon
add-nv-fallonpaiuteshoshonetribe-2026,Fallon Paiute-Shoshone Tribe,tribal,NV,32001,,39.51123,-118.6221,permanent ban,data center; tribal lands,active,2026-05-26,,,False,Tribe adopted a resolution banning data centers on tribal lands (Moratorium Nation dates it 2026-05-26).,https://www.kunr.org/energy-and-environment/2026-09-02/northern-nevada-tribes-speak-out-against-data-centers,,2026-10-03,True,False,range,,point_in_polygon,named_polygon
add-nc-easternbandcherokeeindians-2026,Eastern Band of Cherokee Indians,tribal,NC,37173,,35.4743,-83.3149,permanent ban,data center; indefinite; EBCI lands,active,2026-05-07,,,False,"Tribal Council voted 11-0 for Ordinance No. 158 (2026), an indefinite moratorium on data centers on EBCI lands.",https://theonefeather.com/2026/05/07/dinilawigi-approves-indefinite-moratorium-on-data-centers/|https://www.wunc.org/2026-05-07/ebci-passes-indefinite-moratorium-on-data-centers,,2026-10-03,True,False,exact,,point_in_polygon,named_polygon
